Time,Permeate Conductivity,feed_pressure,original_feed_pressure,rolling_mean,smoothed_feed_pressure
2024-10-07 16:40:00,14.5625,9.050625,9.050625,,9.050625
2024-10-07 16:50:00,10.0,9.050625,8.0475,,9.050625
2024-10-07 17:00:00,17.4375,9.121875,9.121875,,9.074375
2024-10-07 17:10:00,6.75,9.121875,8.22,,9.08625
2024-10-07 17:20:00,17.875,9.17625,9.17625,,9.104249999999999
2024-10-07 17:30:00,6.375,9.17625,8.2275,,9.129375
2024-10-07 17:40:00,18.0,9.1125,9.1125,,9.141749999999998
2024-10-07 17:50:00,6.75,9.17625,8.233125,,9.152624999999999
2024-10-07 18:00:00,17.625,9.054375,9.054375,,9.139125
2024-10-07 18:10:00,7.125,9.17625,8.2425,8.648625,9.139124999999998
2024-10-07 18:20:00,17.8125,9.1125,9.1125,8.6548125,9.126375
2024-10-07 18:30:00,20.0625,9.586875,9.586875,8.80875,9.22125
2024-10-07 18:40:00,12.1875,9.586875,8.715,8.7680625,9.303374999999999
2024-10-07 18:50:00,22.0,9.586875,2.308125,8.176874999999999,9.409875
2024-10-07 19:00:00,1.1875,9.586875,0.0,7.25925,9.492
2024-10-07 19:10:00,17.875,9.208125,9.208125,7.357312500000001,9.511125
2024-10-07 19:20:00,7.8125,9.586875,8.431875,7.28925,9.511125
2024-10-07 19:30:00,17.9375,9.283125,9.283125,7.3942499999999995,9.450375
2024-10-07 19:40:00,22.125,9.586875,0.669375,6.555750000000001,9.450375
2024-10-07 19:50:00,13.3125,9.015,9.015,6.633,9.336
2024-10-07 20:00:00,30.375,9.586875,1.340625,5.855812500000001,9.41175
2024-10-07 20:10:00,11.125,9.586875,8.57625,5.75475,9.41175
2024-10-07 20:20:00,17.6875,9.40125,9.40125,5.823375,9.435374999999999
2024-10-07 20:30:00,9.125,9.586875,8.63625,6.4561875,9.435374999999999
2024-10-07 20:40:00,18.5,9.44625,9.44625,7.400812500000001,9.521624999999998
2024-10-07 20:50:00,9.0625,9.586875,8.690625,7.3490625,9.521624999999998
2024-10-07 21:00:00,18.1875,9.485625,9.485625,7.4544375,9.501375
2024-10-07 21:10:00,9.4375,9.586875,8.773125,7.403437500000001,9.538499999999999
2024-10-07 21:20:00,18.25,9.545625,9.545625,8.2910625,9.530249999999999
2024-10-07 21:30:00,9.625,9.586875,8.720625,8.261625,9.558375
2024-10-07 21:40:00,15.125,9.305625,9.305625,9.058125,9.502125
2024-10-07 21:50:00,5.5625,9.545625,8.28375,9.028875,9.514124999999998
2024-10-07 22:00:00,14.125,9.204375,9.204375,9.0091875,9.437625
2024-10-07 22:10:00,21.125,9.545625,0.0,8.1455625,9.437625
2024-10-07 22:20:00,9.125,9.545625,8.80875,8.0818125,9.429375
2024-10-07 22:30:00,17.8125,9.58875,9.58875,8.171625,9.486
2024-10-07 22:40:00,9.625,9.58875,8.893125,8.112375,9.494625
2024-10-07 22:50:00,13.5625,9.358125,9.358125,8.170874999999999,9.525375
2024-10-07 23:00:00,6.375,9.58875,8.525625,8.068875,9.533999999999999
2024-10-07 23:10:00,14.9375,9.388125,9.388125,8.135625,9.5025
2024-10-07 23:20:00,18.3125,9.58875,0.631875,7.26825,9.5025
2024-10-07 23:30:00,11.4375,9.0975,9.0975,7.3496250000000005,9.404250000000001
2024-10-07 23:40:00,21.875,9.58875,0.658125,6.495,9.450375
2024-10-07 23:50:00,0.6875,9.58875,0.0,6.495,9.450375
2024-10-08 00:00:00,15.6875,9.5775,9.5775,6.571875,9.488249999999999
2024-10-08 00:10:00,8.125,9.58875,8.73,6.486,9.488249999999999
2024-10-08 00:20:00,16.8125,9.628125,9.628125,6.5595,9.594375
2024-10-08 00:30:00,6.375,9.628125,8.308125,6.4545,9.602250000000002
2024-10-08 00:40:00,13.0625,9.37125,9.37125,6.5390625,9.55875
2024-10-08 00:50:00,5.6875,9.628125,8.3925,6.4395,9.568875
2024-10-08 01:00:00,15.5625,9.04125,9.04125,7.280437500000001,9.459375
2024-10-08 01:10:00,16.75,9.79875,9.79875,7.3505625000000006,9.493500000000001
2024-10-08 01:20:00,9.5,9.79875,8.998125,8.1845625,9.527625
2024-10-08 01:30:00,17.75,9.735,9.735,9.1580625,9.600375
2024-10-08 01:40:00,9.5,9.79875,9.050625,9.105375,9.6345
2024-10-08 01:50:00,17.8125,9.79875,9.79875,9.212250000000001,9.786
2024-10-08 02:00:00,9.9375,9.79875,9.06375,9.1558125,9.786
2024-10-08 02:10:00,18.0625,9.883125,9.883125,9.313312499999999,9.802875
2024-10-08 02:20:00,10.1875,9.883125,9.07125,9.2833125,9.8325
2024-10-08 02:30:00,15.6875,9.883125,0.0,8.4440625,9.849374999999998
2024-10-08 02:40:00,6.5625,9.883125,8.83875,8.4238125,9.866249999999999
2024-10-08 02:50:00,14.875,9.585,9.585,8.4024375,9.8235
2024-10-08 03:00:00,7.0625,9.883125,8.8125,8.383875,9.8235
2024-10-08 03:10:00,10.875,9.2775,9.2775,8.338125000000002,9.702375
2024-10-08 03:20:00,18.875,9.883125,0.590625,7.492125,9.702375
2024-10-08 03:30:00,11.625,9.309375,9.309375,7.443187499999999,9.587625
2024-10-08 03:40:00,15.625,9.705,9.705,7.507312499999999,9.611625
2024-10-08 03:50:00,7.0625,9.883125,8.90625,7.409625,9.611625
2024-10-08 04:00:00,15.4375,9.8025,9.8025,7.48275,9.716625
2024-10-08 04:10:00,7.625,9.883125,8.968125,8.3795625,9.716625
2024-10-08 04:20:00,15.4375,9.735,9.735,8.4691875,9.80175
2024-10-08 04:30:00,7.6875,9.883125,8.95125,8.4058125,9.837375
2024-10-08 04:40:00,15.875,9.76875,9.76875,8.5014375,9.8145
2024-10-08 04:50:00,8.0625,9.883125,9.0075,8.474437499999999,9.830625000000001
2024-10-08 05:00:00,16.1875,9.849375,9.849375,9.4003125,9.823875
2024-10-08 05:10:00,8.3125,9.849375,9.06375,9.37575,9.84675
2024-10-08 05:20:00,12.125,9.55875,9.55875,9.361125000000001,9.781875
2024-10-08 05:30:00,5.6875,9.849375,8.596875,9.330187500000001,9.798
2024-10-08 05:40:00,12.8125,9.564375,9.564375,9.306375,9.73425
2024-10-08 05:50:00,17.0625,9.849375,0.0,8.4095625,9.73425
2024-10-08 06:00:00,7.625,9.043125,9.043125,8.340375,9.573
2024-10-08 06:10:00,15.8125,9.915,9.915,8.43675,9.644250000000001
2024-10-08 06:20:00,8.3125,9.080625,9.080625,8.3679375,9.4905
2024-10-08 06:30:00,15.9375,9.928125,9.928125,8.46,9.56325
2024-10-08 06:40:00,8.5,9.1125,9.1125,8.386312499999999,9.415875
2024-10-08 06:50:00,16.5,9.898125,9.898125,8.46975,9.586875
2024-10-08 07:00:00,8.75,9.181875,9.181875,8.432062499999999,9.44025
2024-10-08 07:10:00,16.875,9.939375,9.939375,8.566312499999999,9.612
2024-10-08 07:20:00,6.25,9.939375,8.7525,8.485125,9.61425
2024-10-08 07:30:00,13.5625,9.669375,9.669375,9.4520625,9.725625
2024-10-08 07:40:00,5.9375,9.939375,8.7825,9.425999999999998,9.733875000000001
2024-10-08 07:50:00,13.6875,9.939375,0.0,8.4345,9.885375
2024-10-08 08:00:00,15.125,9.9825,9.9825,8.5246875,9.894
2024-10-08 08:10:00,8.875,9.238125,9.238125,8.4556875,9.75375
2024-10-08 08:20:00,16.9375,10.00875,10.00875,8.5453125,9.821625000000001
2024-10-08 08:30:00,9.125,9.26625,9.26625,8.482125,9.687000000000001
2024-10-08 08:40:00,16.9375,10.065,10.065,8.5704375,9.712125
2024-10-08 08:50:00,9.5,9.211875,9.211875,8.497687500000001,9.558
2024-10-08 09:00:00,17.375,10.11,10.11,8.633437500000001,9.732375
2024-10-08 09:10:00,9.875,9.2775,9.2775,8.594249999999999,9.586125
2024-10-08 09:20:00,16.25,10.11,0.0,7.715999999999999,9.754874999999998
2024-10-08 09:30:00,6.3125,10.11,8.94,8.61,9.763874999999999
2024-10-08 09:40:00,14.125,9.8325,9.8325,8.595,9.888
2024-10-08 09:50:00,6.5625,10.11,8.960625,8.567249999999998,9.888
2024-10-08 10:00:00,10.625,9.45,9.45,8.511375,9.9225
2024-10-08 10:10:00,18.5625,10.11,0.665625,7.6513125,9.9225
2024-10-08 10:20:00,11.375,9.474375,9.474375,7.59225,9.795375
2024-10-08 10:30:00,16.125,10.11,0.0,6.6710625,9.850874999999998
2024-10-08 10:40:00,6.5625,9.015,9.015,6.561562499999999,9.631874999999999
2024-10-08 10:50:00,14.625,9.871875,9.871875,6.6209999999999996,9.716249999999999
2024-10-08 11:00:00,7.0,9.043125,9.043125,7.5253125,9.502875
2024-10-08 11:10:00,14.625,9.8175,9.8175,7.6130625,9.5715
2024-10-08 11:20:00,7.0,9.0375,9.0375,7.5335625,9.357
2024-10-08 11:30:00,15.0625,9.885,9.885,7.6259999999999994,9.531
2024-10-08 11:40:00,7.3125,9.08625,9.08625,7.589625000000001,9.373875
2024-10-08 11:50:00,15.25,9.920625,9.920625,8.515125000000001,9.549375000000001
2024-10-08 12:00:00,7.625,9.1275,9.1275,8.480437499999999,9.411375
2024-10-08 12:10:00,11.5625,9.645,9.645,9.444937499999998,9.532874999999999
2024-10-08 12:20:00,12.5625,9.920625,8.424375,9.385874999999999,9.54
2024-10-08 12:30:00,12.0625,9.650625,9.650625,9.36375,9.652874999999998
2024-10-08 12:40:00,46.6875,10.156875,10.156875,9.475125,9.700125
2024-10-08 12:50:00,8.1875,10.156875,9.23625,9.417,9.905999999999999
2024-10-08 13:00:00,16.1875,10.130625,10.130625,9.5263125,10.003125
2024-10-08 13:10:00,0.625,10.156875,0.0,8.5378125,10.050374999999999
2024-10-08 13:20:00,12.25,9.705,9.705,8.599687499999998,10.06125
2024-10-08 13:30:00,5.625,10.156875,8.709375,8.478562499999999,10.06125
2024-10-08 13:40:00,12.9375,9.675,9.675,8.5333125,9.964875000000001
2024-10-08 13:50:00,16.625,10.156875,2.004375,7.7692499999999995,9.970125
2024-10-08 14:00:00,9.875,9.444375,9.444375,7.871250000000001,9.827625000000001
2024-10-08 14:10:00,10.4375,10.156875,1.494375,7.055625000000001,9.918000000000001
2024-10-08 14:20:00,10.375,9.414375,9.414375,6.981375,9.7695
2024-10-08 14:30:00,1.1875,10.156875,0.935625,6.1513125,9.865874999999999
2024-10-08 14:40:00,10.625,9.4575,9.4575,6.084,9.725999999999999
2024-10-08 14:50:00,17.75,10.156875,0.706875,6.1546875,9.8685
2024-10-08 15:00:00,10.625,9.466875,9.466875,6.1308750000000005,9.7305
2024-10-08 15:10:00,17.125,10.156875,0.744375,5.334375,9.879
2024-10-08 15:20:00,11.0,9.5475,9.5475,5.321625,9.757124999999998
2024-10-08 15:30:00,17.1875,10.156875,0.705,5.1916875,9.897
2024-10-08 15:40:00,10.875,9.511875,9.511875,5.1984375,9.768
2024-10-08 15:50:00,16.9375,10.156875,0.70125,5.1191249999999995,9.906
2024-10-08 16:00:00,11.3125,9.560625,9.560625,5.13375,9.78675
2024-10-08 16:10:00,18.25,10.156875,0.71625,5.1118125,9.908624999999999
2024-10-08 16:20:00,11.3125,9.564375,9.564375,5.1225000000000005,9.790125
2024-10-08 16:30:00,22.5625,10.156875,0.68625,5.1204374999999995,9.919125
2024-10-08 16:40:00,11.3125,9.65625,9.65625,5.139374999999999,9.818999999999999
2024-10-08 16:50:00,26.875,10.156875,5.05875,5.5708125,9.93825
2024-10-08 17:00:00,11.625,9.66375,9.66375,5.582437499999999,9.839625000000002
2024-10-08 17:10:00,24.5,10.156875,7.3275,6.2446874999999995,9.958125
2024-10-08 17:20:00,11.5,9.624375,9.624375,6.2559375,9.851625000000002
2024-10-08 17:30:00,14.1875,10.156875,8.225625,7.008375000000001,9.95175
2024-10-08 17:40:00,11.75,10.156875,0.114375,6.063750000000001,9.95175
2024-10-08 17:50:00,13.5625,9.973125,9.973125,6.989437499999999,10.013625
2024-10-08 18:00:00,7.3125,9.21375,9.21375,6.954375000000001,9.825
2024-10-08 18:10:00,14.9375,10.111875,10.111875,7.8969375,9.9225
2024-10-08 18:20:00,7.5,9.2625,9.2625,7.8575625,9.743625
2024-10-08 18:30:00,14.9375,10.051875,10.051875,8.356874999999999,9.722625
2024-10-08 18:40:00,7.75,9.27375,9.27375,8.317875,9.58275
2024-10-08 18:50:00,15.1875,10.1175,10.1175,8.596875,9.7635
2024-10-08 19:00:00,7.875,9.2775,9.2775,8.5621875,9.596625
2024-10-08 19:10:00,15.25,10.1625,10.1625,8.755875,9.776625
2024-10-08 19:20:00,8.1875,10.1625,9.3225,9.6766875,9.79875
2024-10-08 19:30:00,10.75,9.73125,9.73125,9.6525,9.890249999999998
2024-10-08 19:40:00,24.8125,10.1625,7.303125,9.461437499999999,9.899249999999999
2024-10-08 19:50:00,11.1875,9.684375,9.684375,9.4186875,9.980625
2024-10-08 20:00:00,16.625,10.1625,8.285625,9.321,9.980625
2024-10-08 20:10:00,11.25,9.69,9.69,9.2848125,9.886124999999998
2024-10-08 20:20:00,8.5625,10.1625,8.645625,9.222,9.972375
2024-10-08 20:30:00,11.6875,9.744375,9.744375,9.184687499999999,9.888749999999998
2024-10-08 20:40:00,6.0,10.1625,8.728125,9.12975,9.984374999999998
2024-10-08 20:50:00,11.6875,9.76125,9.76125,9.089625,9.904125
2024-10-08 21:00:00,5.625,10.1625,8.791875,9.036562499999999,9.998624999999999
2024-10-08 21:10:00,8.75,9.46125,9.46125,9.009562500000001,9.858375
2024-10-08 21:20:00,15.5625,10.2525,10.2525,9.3045,9.959999999999999
2024-10-08 21:30:00,8.6875,9.440625,9.440625,9.280125,9.815625
2024-10-08 21:40:00,15.75,10.201875,10.201875,9.47175,9.903749999999999
2024-10-08 21:50:00,8.625,9.465,9.465,9.449250000000001,9.76425
2024-10-08 22:00:00,15.75,10.275,10.275,9.612187500000001,9.927
2024-10-08 22:10:00,8.875,10.275,9.436875,9.5814375,9.9315
2024-10-08 22:20:00,11.25,9.819375,9.819375,9.6905625,10.00725
2024-10-08 22:30:00,5.4375,10.275,8.923125,9.606750000000002,10.021875
2024-10-08 22:40:00,12.125,9.871875,9.871875,9.71475,10.10325
2024-10-08 22:50:00,5.625,10.275,8.919375,9.6605625,10.10325
2024-10-08 23:00:00,12.25,9.88875,9.88875,9.6241875,10.026
2024-10-08 23:10:00,5.625,10.275,8.9775,9.577875,10.117125
2024-10-08 23:20:00,12.4375,9.931875,9.931875,9.550875,10.0485
2024-10-08 23:30:00,5.625,10.275,8.99625,9.504,10.129124999999998
2024-10-08 23:40:00,12.625,9.939375,9.939375,9.4704375,10.062000000000001
2024-10-08 23:50:00,6.0625,10.275,9.031875,9.4299375,10.13925
2024-10-09 00:00:00,8.625,9.4725,9.4725,9.395249999999999,9.97875
2024-10-09 00:10:00,15.6875,10.314375,10.314375,9.534375,10.055250000000001
2024-10-09 00:20:00,8.6875,10.314375,9.481875,9.495375000000001,10.063125
2024-10-09 00:30:00,15.75,10.288125,10.288125,9.63225,10.132875
2024-10-09 00:40:00,8.875,10.314375,9.538125,9.5971875,10.14075
2024-10-09 00:50:00,15.875,10.314375,2.060625,8.9055,10.309125
2024-10-09 01:00:00,9.0625,9.508125,9.508125,8.863125,10.147874999999999
2024-10-09 01:10:00,7.625,10.314375,2.143125,8.1778125,10.147875
2024-10-09 01:20:00,9.125,9.564375,9.564375,8.1403125,10.003125
2024-10-09 01:30:00,0.4375,10.314375,1.003125,7.3374375,10.003125
2024-10-09 01:40:00,5.4375,10.314375,8.94375,7.2845625,10.003125
2024-10-09 01:50:00,11.3125,9.871875,9.871875,7.2403125,10.075875
2024-10-09 02:00:00,5.25,10.314375,8.956875,7.1878125,10.075875
2024-10-09 02:10:00,11.75,9.885,9.885,7.147499999999999,10.14
2024-10-09 02:20:00,5.4375,10.314375,8.96625,7.0903125000000005,10.14
2024-10-09 02:30:00,12.0,9.931875,9.931875,7.877437499999999,10.063500000000001
2024-10-09 02:40:00,5.5625,10.314375,9.001875,7.8268125,10.152
2024-10-09 02:50:00,12.0625,9.94875,9.94875,8.607375,10.078875
2024-10-09 03:00:00,5.5625,9.105,9.105,8.5614375,9.922875000000001
2024-10-09 03:10:00,12.5,9.975,9.975,9.458625,9.855
2024-10-09 03:20:00,14.125,10.38,10.38,9.602250000000002,9.944625
2024-10-09 03:30:00,8.375,9.59625,9.59625,9.5746875,9.801
2024-10-09 03:40:00,15.6875,10.38,1.18875,8.797875000000001,9.88725
2024-10-09 03:50:00,9.125,9.60375,9.60375,8.76975,9.987
2024-10-09 04:00:00,0.1875,10.38,1.850625,8.058187499999999,10.068000000000001
2024-10-09 04:10:00,9.25,9.616875,9.616875,8.0266875,9.915375000000001
2024-10-09 04:20:00,2.8125,10.38,0.88875,7.215374999999999,10.072125
2024-10-09 04:30:00,9.25,9.620625,9.620625,7.1825625,9.92025
2024-10-09 04:40:00,0.625,10.38,0.665625,6.3386249999999995,10.075500000000002
2024-10-09 04:50:00,9.6875,9.73125,9.73125,6.3142499999999995,9.94575
2024-10-09 05:00:00,12.875,10.1625,10.1625,6.2925,10.054875
2024-10-09 05:10:00,7.0625,9.395625,9.395625,6.2724375,9.858
2024-10-09 05:20:00,14.1875,10.239375,10.239375,7.1775,9.98175
2024-10-09 05:30:00,7.375,9.421875,9.421875,7.1593125,9.790125
2024-10-09 05:40:00,14.3125,10.231875,10.231875,7.997437499999999,9.89025
2024-10-09 05:50:00,7.5,9.466875,9.466875,7.9824375000000005,9.751125
2024-10-09 06:00:00,14.5625,10.2675,10.2675,8.9203125,9.9255
2024-10-09 06:10:00,17.6875,10.2675,8.26875,8.785124999999999,9.931125
2024-10-09 06:20:00,10.5,9.91125,9.91125,9.709687500000001,10.029
2024-10-09 06:30:00,8.5,10.2675,8.690625,9.605625,10.036125000000002
2024-10-09 06:40:00,11.0625,9.901875,9.901875,9.579562500000002,10.123125
2024-10-09 06:50:00,6.3125,10.2675,8.885625,9.5285625,10.123125
2024-10-09 07:00:00,11.375,9.980625,9.980625,9.5026875,10.06575
2024-10-09 07:10:00,5.4375,10.2675,8.915625,9.4520625,10.137
2024-10-09 07:20:00,11.5,9.965625,9.965625,9.4254375,10.076625000000002
2024-10-09 07:30:00,5.1875,10.2675,9.04125,9.382875,10.149750000000001
2024-10-09 07:40:00,11.8125,9.9825,9.9825,9.354375000000001,10.09275
2024-10-09 07:50:00,14.5625,10.479375,10.479375,9.575437500000001,10.192499999999999
2024-10-09 08:00:00,8.375,9.568125,9.568125,9.541125,10.052625
2024-10-09 08:10:00,15.5625,10.404375,10.404375,9.7125,10.140374999999999
2024-10-09 08:20:00,8.6875,10.479375,9.635625,9.685875,10.182749999999999
2024-10-09 08:30:00,15.5625,10.46625,10.46625,9.8439375,10.279499999999999
2024-10-09 08:40:00,8.9375,10.479375,9.650625,9.8109375,10.279499999999999
2024-10-09 08:50:00,14.1875,10.479375,0.0,8.919374999999999,10.46175
2024-10-09 09:00:00,6.3125,9.339375,9.339375,8.856750000000002,10.24875
2024-10-09 09:10:00,13.4375,10.18875,10.18875,8.9715,10.190625
2024-10-09 09:20:00,6.75,9.320625,9.320625,8.905312499999999,9.961500000000001
2024-10-09 09:30:00,13.5625,10.186875,10.186875,8.8760625,9.903
2024-10-09 09:40:00,6.6875,9.345,9.345,8.85375,9.676125
2024-10-09 09:50:00,13.9375,10.2525,10.2525,8.8385625,9.85875
2024-10-09 10:00:00,15.6875,10.2525,0.61875,7.936875000000001,9.871500000000001
2024-10-09 10:10:00,9.5625,9.808125,9.808125,7.871062500000001,9.969
2024-10-09 10:20:00,15.0625,10.2525,0.73875,6.979875,9.982125
2024-10-09 10:30:00,10.375,9.84,9.84,7.963875,10.081125
2024-10-09 10:40:00,16.375,10.2525,0.69375,7.099312499999999,10.081125
2024-10-09 10:50:00,10.5625,9.845625,9.845625,7.0649999999999995,9.99975
2024-10-09 11:00:00,20.0625,10.2525,0.688125,6.2017500000000005,10.088624999999999
2024-10-09 11:10:00,7.5,9.429375,9.429375,6.1259999999999994,9.924
2024-10-09 11:20:00,14.625,10.335,10.335,6.225,10.023
2024-10-09 11:30:00,7.625,9.485625,9.485625,6.1483125,9.869625
2024-10-09 11:40:00,14.6875,10.340625,10.340625,7.1205,9.968625
2024-10-09 11:50:00,7.625,9.5025,9.5025,7.0899375,9.818625
2024-10-09 12:00:00,14.6875,10.32,10.32,8.0480625,9.99675
2024-10-09 12:10:00,7.8125,9.534375,9.534375,8.0175,9.836625000000002
2024-10-09 12:20:00,14.8125,10.365,10.365,8.984625,10.0125
2024-10-09 12:30:00,8.0625,9.56625,9.56625,8.956687500000001,9.857625
2024-10-09 12:40:00,15.125,10.36875,10.36875,9.92475,10.030875
2024-10-09 12:50:00,5.625,10.36875,9.208125,9.902625,10.040625
2024-10-09 13:00:00,12.125,10.13625,10.13625,9.882750000000001,10.161
2024-10-09 13:10:00,5.6875,10.36875,9.230625,9.85725,10.16175
2024-10-09 13:20:00,12.3125,10.085625,10.085625,9.831750000000001,10.265625
2024-10-09 13:30:00,5.75,10.36875,9.286875,9.810187500000001,10.265625
2024-10-09 13:40:00,12.5625,10.123125,10.123125,9.7905,10.2165
2024-10-09 13:50:00,5.9375,10.36875,9.305625,9.767625,10.263
2024-10-09 14:00:00,8.75,10.36875,9.699375,9.701062499999999,10.263000000000002
2024-10-09 14:10:00,15.5,10.36875,2.3775,8.982187499999998,10.319625
2024-10-09 14:20:00,9.0625,9.751875,9.751875,8.9205,10.196250000000001
2024-10-09 14:30:00,0.25,10.36875,1.4775,8.147437499999999,10.245375000000001
2024-10-09 14:40:00,9.125,9.735,9.735,8.107312499999999,10.118625
2024-10-09 14:50:00,14.6875,10.36875,0.8625,7.2705,10.118625
2024-10-09 15:00:00,9.375,9.781875,9.781875,7.240124999999999,10.00125
2024-10-09 15:10:00,15.375,10.36875,0.7125,6.3826875,10.124625
2024-10-09 15:20:00,9.5,9.793125,9.793125,6.3496875,10.0095
2024-10-09 15:30:00,15.25,10.36875,0.729375,5.4920625,10.13625
2024-10-09 15:40:00,7.8125,9.5175,9.5175,5.473875,9.966
2024-10-09 15:50:00,13.5,10.329375,10.329375,6.2690624999999995,10.0755
2024-10-09 16:00:00,6.8125,9.4425,9.4425,6.238125,9.89025
2024-10-09 16:10:00,13.6875,10.3125,10.3125,7.121625,9.994125
2024-10-09 16:20:00,6.9375,9.489375,9.489375,7.0970625,9.81825
2024-10-09 16:30:00,13.5625,10.305,10.305,8.0413125,9.975750000000001
2024-10-09 16:40:00,7.0625,9.48,9.48,8.011125000000002,9.805875
2024-10-09 16:50:00,10.125,9.950625,9.950625,8.9349375,9.9075
2024-10-09 17:00:00,6.5625,10.305,8.94,8.849625,9.906
2024-10-09 17:10:00,10.9375,9.975,9.975,9.7741875,10.003125
2024-10-09 17:20:00,5.625,10.305,8.986875,9.721125,10.003125
2024-10-09 17:30:00,10.9375,10.025625,10.025625,9.690750000000001,10.11225
2024-10-09 17:40:00,5.25,10.305,9.06375,9.652875,10.183125
2024-10-09 17:50:00,11.1875,10.305,0.0,8.621625,10.183125
2024-10-09 18:00:00,15.3125,10.305,2.596875,7.932375,10.249125
2024-10-09 18:10:00,8.625,9.770625,9.770625,7.878937499999999,10.14225
2024-10-09 18:20:00,0.4375,10.305,1.340625,7.0649999999999995,10.198125000000001
2024-10-09 18:30:00,8.75,9.8025,9.8025,7.0501875,10.097624999999999
2024-10-09 18:40:00,14.9375,10.305,0.860625,6.24225,10.097624999999999
2024-10-09 18:50:00,9.0625,9.7875,9.7875,6.2235,9.994125
2024-10-09 19:00:00,1.9375,10.305,0.684375,5.39325,10.100999999999999
2024-10-09 19:10:00,9.0625,9.80625,9.80625,5.3713125,10.001249999999999
2024-10-09 19:20:00,14.625,10.305,0.71625,4.5365625000000005,10.101750000000001
2024-10-09 19:30:00,9.3125,9.845625,9.845625,5.521125,10.009875
2024-10-09 19:40:00,13.125,10.4025,10.4025,6.3016875,10.132875
2024-10-09 19:50:00,7.0625,9.5625,9.5625,6.280875,9.984375
2024-10-09 20:00:00,13.6875,10.37625,10.37625,7.1844375,10.098374999999999
2024-10-09 20:10:00,7.4375,9.613125,9.613125,7.1655,9.96
2024-10-09 20:20:00,13.6875,10.381875,10.381875,8.117625,10.06725
2024-10-09 20:30:00,7.5625,9.61125,9.61125,8.1,9.909
2024-10-09 20:40:00,14.0,10.456875,10.456875,9.077250000000001,10.087875
2024-10-09 20:50:00,5.75,9.361875,9.361875,9.0328125,9.885
2024-10-09 21:00:00,11.8125,10.205625,10.205625,9.98175,10.003499999999999
2024-10-09 21:10:00,5.875,10.456875,9.403125,9.9375,10.0185
2024-10-09 21:20:00,45.0,10.17,10.17,9.91425,10.13025
2024-10-09 21:30:00,18.6875,10.456875,2.05125,9.163125,10.13025
2024-10-09 21:40:00,9.8125,9.99,9.99,9.1245,10.255875
2024-10-09 21:50:00,23.0625,10.456875,6.346875,8.797875,10.306125
2024-10-09 22:00:00,9.8125,10.00875,10.00875,8.7605625,10.2165
2024-10-09 22:10:00,18.75,10.456875,8.195625,8.619,10.273875
2024-10-09 22:20:00,10.125,10.036875,10.036875,8.577,10.189875
2024-10-09 22:30:00,9.5625,10.456875,8.795625,8.520375,10.283249999999999
2024-10-09 22:40:00,10.0625,10.04625,10.04625,8.5044375,10.201125000000001
2024-10-09 22:50:00,6.5625,10.456875,8.97375,8.4615,10.29075
2024-10-09 23:00:00,9.8125,10.456875,0.0,7.4445,10.29075
2024-10-09 23:10:00,13.875,10.456875,0.7875,7.318125,10.37475
2024-10-09 23:20:00,8.6875,9.800625,9.800625,7.2991875,10.243500000000001
2024-10-09 23:30:00,14.4375,10.456875,0.714375,6.7359375,10.325624999999999
2024-10-09 23:40:00,6.4375,9.5475,9.5475,6.6898124999999995,10.14375
2024-10-09 23:50:00,12.3125,10.408125,10.408125,6.9110625,10.134
2024-10-10 00:00:00,6.375,9.508125,9.508125,6.8581875,9.94425
2024-10-10 00:10:00,12.625,10.3425,10.3425,7.012874999999999,10.052625
2024-10-10 00:20:00,6.375,9.598125,9.598125,6.968062499999999,9.880875
2024-10-10 00:30:00,12.75,10.395,10.395,7.1101875,10.050374999999999
2024-10-10 00:40:00,6.8125,9.534375,9.534375,8.063625,9.875625
2024-10-10 00:50:00,12.75,10.44375,10.44375,9.02925,10.06275
2024-10-10 01:00:00,6.8125,9.598125,9.598125,9.008999999999999,9.913874999999999
2024-10-10 01:10:00,13.1875,10.4775,10.4775,9.985312500000001,10.089749999999999
2024-10-10 01:20:00,8.625,10.4775,9.01875,9.932437499999999,10.10625
2024-10-10 01:30:00,9.9375,10.066875,10.066875,9.8983125,10.21275
2024-10-10 01:40:00,5.6875,10.4775,9.07125,9.854625,10.2195
2024-10-10 01:50:00,10.5,10.111875,10.111875,9.8315625,10.32225
2024-10-10 02:00:00,4.8125,10.4775,9.21375,9.793125,10.32225
2024-10-10 02:10:00,10.5,10.11375,10.11375,9.764999999999999,10.249500000000001
2024-10-10 02:20:00,5.0,10.4775,9.238125,9.735375,10.331624999999999
2024-10-10 02:30:00,8.0625,9.855,9.855,9.6765,10.207125
2024-10-10 02:40:00,14.4375,10.67625,10.67625,9.7843125,10.319999999999999
2024-10-10 02:50:00,8.25,9.838125,9.838125,9.720375,10.192125
2024-10-10 03:00:00,14.5625,10.67625,1.509375,8.9694375,10.304624999999998
2024-10-10 03:10:00,8.25,9.931875,9.931875,8.955937500000001,10.195500000000001
2024-10-10 03:20:00,0.4375,10.67625,1.87125,8.2359375,10.35975
2024-10-10 03:30:00,8.5,10.67625,0.0,7.22475,10.35975
2024-10-10 03:40:00,10.9375,10.329375,10.329375,7.3363125,10.458
2024-10-10 03:50:00,5.3125,9.350625,9.350625,7.26,10.192875
2024-10-10 04:00:00,11.5625,10.30125,10.30125,7.366312500000001,10.266749999999998
2024-10-10 04:10:00,5.25,9.3975,9.3975,7.320562499999999,10.011
2024-10-10 04:20:00,11.625,10.27875,10.27875,7.280812500000001,9.9315
2024-10-10 04:30:00,5.8125,9.410625,9.410625,7.2380625,9.74775
2024-10-10 04:40:00,11.875,10.3575,10.3575,8.122875,9.949124999999999
2024-10-10 04:50:00,5.6875,9.46125,9.46125,8.075812500000001,9.781125
2024-10-10 05:00:00,12.0625,10.381875,10.381875,8.926874999999999,9.978
2024-10-10 05:10:00,5.875,10.381875,9.4725,9.874125,9.998625
2024-10-10 05:20:00,8.9375,9.988125,9.988125,9.84,10.114125
2024-10-10 05:30:00,14.25,10.381875,0.643125,8.96925,10.119000000000002
2024-10-10 05:40:00,9.1875,9.94875,9.94875,8.934000000000001,10.2165
2024-10-10 05:50:00,14.5,10.381875,0.6675,8.061,10.2165
2024-10-10 06:00:00,9.25,9.976875,9.976875,8.0308125,10.1355
2024-10-10 06:10:00,14.5,10.381875,0.620625,7.1518125,10.21425
2024-10-10 06:20:00,9.625,10.00875,10.00875,7.116937500000001,10.139624999999999
2024-10-10 06:30:00,14.25,10.381875,0.631875,6.234,10.22625
2024-10-10 06:40:00,9.75,10.055625,10.055625,6.2013750000000005,10.161
2024-10-10 06:50:00,16.9375,10.381875,0.63375,5.3175,10.242
2024-10-10 07:00:00,8.5,9.84375,9.84375,5.3030625,10.134375
2024-10-10 07:10:00,13.4375,10.591875,10.591875,6.2979375,10.251000000000001
2024-10-10 07:20:00,7.0,9.684375,9.684375,6.2715,10.111500000000001
2024-10-10 07:30:00,13.8125,10.584375,10.584375,7.263187500000001,10.21725
2024-10-10 07:40:00,7.1875,9.748125,9.748125,7.240312499999999,10.0905
2024-10-10 07:50:00,13.875,10.57875,10.57875,8.236125,10.2375
2024-10-10 08:00:00,7.5625,9.766875,9.766875,8.2119375,10.0725
2024-10-10 08:10:00,11.0625,10.284375,10.284375,9.1771875,10.192499999999999
2024-10-10 08:20:00,7.125,9.08625,9.08625,9.08025,9.892875
2024-10-10 08:30:00,11.0,10.198125,10.198125,10.0366875,9.982875
2024-10-10 08:40:00,5.8125,10.57875,9.195,9.971812499999999,9.982875
2024-10-10 08:50:00,11.0625,10.245,10.245,9.937125,10.0785
2024-10-10 09:00:00,5.375,10.57875,9.30375,9.8990625,10.137374999999999
2024-10-10 09:10:00,11.0625,10.57875,0.0,8.840625,10.435875
2024-10-10 09:20:00,14.5625,10.57875,0.73875,7.939687500000001,10.511999999999999
2024-10-10 09:30:00,9.25,10.010625,10.010625,7.882875,10.398374999999998
2024-10-10 09:40:00,15.3125,10.57875,0.675,6.9736875,10.465125
2024-10-10 09:50:00,9.375,10.0575,10.0575,6.950999999999999,10.360875
2024-10-10 10:00:00,14.875,10.57875,0.6825,6.110625000000001,10.360875
2024-10-10 10:10:00,9.6875,10.06125,10.06125,6.0969375,10.257375
2024-10-10 10:20:00,13.9375,10.57875,0.0,5.177437499999999,10.370999999999999
2024-10-10 10:30:00,6.4375,9.6975,9.6975,5.1226875,10.194749999999999
2024-10-10 10:40:00,13.375,10.591875,10.591875,5.2515,10.301624999999998
2024-10-10 10:50:00,7.0,9.718125,9.718125,6.2233125000000005,10.129499999999998
2024-10-10 11:00:00,13.6875,10.56,10.56,7.2054374999999995,10.229249999999999
2024-10-10 11:10:00,7.1875,9.73875,9.73875,7.17825,10.06125
2024-10-10 11:20:00,14.125,10.62375,10.62375,8.173125,10.246500000000001
2024-10-10 11:30:00,23.5,10.62375,8.675625,8.0349375,10.252875
2024-10-10 11:40:00,10.5625,10.213125,10.213125,8.988000000000001,10.351875000000001
2024-10-10 11:50:00,8.25,9.0975,9.0975,8.891625000000001,10.059375
2024-10-10 12:00:00,11.125,10.261875,10.261875,9.9178125,10.163999999999998
2024-10-10 12:10:00,6.375,10.62375,9.238125,9.871875,10.163999999999998
2024-10-10 12:20:00,11.375,10.280625,10.280625,9.84075,10.095375
2024-10-10 12:30:00,5.6875,10.62375,9.286875,9.797625,10.1775
2024-10-10 12:40:00,11.5,10.34625,10.34625,9.77625,10.427249999999999
2024-10-10 12:50:00,5.375,10.62375,9.34125,9.7365,10.499625
2024-10-10 13:00:00,11.875,10.276875,10.276875,9.701812499999999,10.430250000000001
2024-10-10 13:10:00,111.625,10.62375,0.823125,8.916562500000001,10.498875
2024-10-10 13:20:00,9.3125,10.021875,10.021875,8.897437499999999,10.378499999999999
2024-10-10 13:30:00,15.8125,10.62375,0.7125,8.0589375,10.434000000000001
2024-10-10 13:40:00,9.9375,10.0725,10.0725,8.04,10.32375
2024-10-10 13:50:00,0.5,10.62375,0.661875,7.182375,10.393125000000001
2024-10-10 14:00:00,10.0625,10.1625,10.1625,7.1705625,10.300875
2024-10-10 14:10:00,15.25,10.62375,0.665625,6.3084375,10.421249999999999
2024-10-10 14:20:00,8.375,9.853125,9.853125,6.259125,10.267124999999998
2024-10-10 14:30:00,14.3125,10.700625,10.700625,6.3950625,10.39275
2024-10-10 14:40:00,7.8125,9.8625,9.8625,6.353625,10.2405
2024-10-10 14:50:00,14.8125,10.6875,10.6875,7.3400625,10.345500000000001
2024-10-10 15:00:00,7.875,9.849375,9.849375,7.3228125,10.190625
2024-10-10 15:10:00,14.875,10.719375,10.719375,8.3235,10.363874999999998
2024-10-10 15:20:00,8.3125,9.885,9.885,8.30475,10.200750000000001
2024-10-10 15:30:00,11.25,10.355625,10.355625,9.274125,10.299375
2024-10-10 15:40:00,5.75,9.444375,9.444375,9.202312500000001,10.050749999999999
2024-10-10 15:50:00,12.1875,10.39125,10.39125,10.174875,10.159125
2024-10-10 16:00:00,6.0,10.719375,9.525,10.1420625,10.159125
2024-10-10 16:10:00,12.25,10.4475,10.4475,10.11675,10.271625
2024-10-10 16:20:00,5.875,10.719375,9.489375,10.079437500000001,10.344375
2024-10-10 16:30:00,12.5,10.46625,10.46625,10.0573125,10.54875
2024-10-10 16:40:00,5.75,10.719375,9.5475,10.027125,10.614374999999999
2024-10-10 16:50:00,12.375,10.4775,10.4775,10.0029375,10.565999999999999
2024-10-10 17:00:00,6.1875,10.719375,9.568125,9.971250000000001,10.620375
2024-10-10 17:10:00,11.6875,10.719375,0.0,8.9356875,10.620375
2024-10-10 17:20:00,15.9375,10.719375,8.7,8.86125,10.671
2024-10-10 17:30:00,10.8125,10.24875,10.24875,8.847,10.576875
2024-10-10 17:40:00,8.1875,9.1125,9.1125,8.80575,10.303875
2024-10-10 17:50:00,8.875,10.059375,10.059375,8.766937500000001,10.171875
2024-10-10 18:00:00,15.5,10.831875,10.831875,8.9011875,10.194374999999999
2024-10-10 18:10:00,8.8125,9.97875,9.97875,8.852437499999999,10.04625
2024-10-10 18:20:00,17.6875,10.831875,2.59875,8.157562500000001,10.162875
2024-10-10 18:30:00,8.8125,10.04625,10.04625,8.1144375,10.349625
2024-10-10 18:40:00,8.9375,10.831875,1.243125,7.2819375,10.504125
2024-10-10 18:50:00,8.8125,10.831875,0.0,7.2819375,10.504124999999998
2024-10-10 19:00:00,12.75,10.618125,10.618125,7.47375,10.632
2024-10-10 19:10:00,6.6875,9.751875,9.751875,7.4240625,10.416
2024-10-10 19:20:00,13.1875,10.6275,10.6275,7.575562499999999,10.532250000000001
2024-10-10 19:30:00,6.6875,9.81,9.81,7.550624999999999,10.327875
2024-10-10 19:40:00,13.125,10.693125,10.693125,7.53675,10.300125
2024-10-10 19:50:00,6.9375,9.778125,9.778125,7.516687499999999,10.132125
2024-10-10 20:00:00,12.4375,10.693125,0.0,7.2568125,10.320374999999999
2024-10-10 20:10:00,5.25,9.5325,9.5325,7.2054374999999995,10.101375
2024-10-10 20:20:00,11.5625,10.44375,10.44375,8.125499999999999,10.228125
2024-10-10 20:30:00,5.5,9.564375,9.564375,9.0819375,10.002375
2024-10-10 20:40:00,9.0,10.11375,10.11375,9.0315,10.0695
2024-10-10 20:50:00,13.875,10.693125,0.680625,8.124374999999999,10.069500000000001
2024-10-10 21:00:00,9.75,10.21125,10.21125,8.08275,10.20525
2024-10-10 21:10:00,15.8125,10.693125,0.673125,7.1690625,10.255125
2024-10-10 21:20:00,9.8125,10.26,10.26,7.125750000000001,10.39425
2024-10-10 21:30:00,19.9375,10.693125,4.11375,6.5593125,10.510125
2024-10-10 21:40:00,10.0,10.269375,10.269375,7.58625,10.425374999999999
2024-10-10 21:50:00,23.3125,10.693125,7.37625,7.3706249999999995,10.52175
2024-10-10 22:00:00,10.0,10.30875,10.30875,7.357124999999999,10.444875
2024-10-10 22:10:00,18.1875,10.693125,8.589375,7.259625,10.5315
2024-10-10 22:20:00,8.0,10.693125,0.0,6.2482500000000005,10.5315
2024-10-10 22:30:00,13.0625,10.738125,10.738125,7.254,10.62525
2024-10-10 22:40:00,7.4375,9.89625,9.89625,7.222499999999999,10.465875
2024-10-10 22:50:00,13.9375,10.783125,10.783125,8.233500000000001,10.560749999999999
2024-10-10 23:00:00,7.5625,9.973125,9.973125,8.2048125,10.41675
2024-10-10 23:10:00,13.9375,10.756875,10.756875,8.869125,10.4295
2024-10-10 23:20:00,8.0,10.05,10.05,8.8471875,10.291875
2024-10-10 23:30:00,14.0625,10.828125,10.828125,9.192375000000002,10.47825
2024-10-10 23:40:00,8.0,10.0425,10.0425,9.16575,10.330125
2024-10-10 23:50:00,14.5625,10.865625,10.865625,9.393375,10.508625
2024-10-11 00:00:00,8.25,10.865625,10.104375,10.403812499999999,10.530375000000001
2024-10-11 00:10:00,12.0625,10.66875,10.66875,10.396875,10.654125
2024-10-11 00:20:00,6.1875,10.865625,9.735,10.38075,10.661624999999999
2024-10-11 00:30:00,12.5,10.625625,10.625625,10.364999999999998,10.77825
2024-10-11 00:40:00,24.625,10.865625,8.33625,10.2013125,10.77825
2024-10-11 00:50:00,9.6875,10.299375,10.299375,10.1555625,10.665000000000001
2024-10-11 01:00:00,12.3125,10.865625,8.926875,10.04325,10.704374999999999
2024-10-11 01:10:00,10.3125,10.4025,10.4025,10.000687500000002,10.611749999999999
2024-10-11 01:20:00,6.875,10.865625,9.290625,9.9255,10.659749999999999
2024-10-11 01:30:00,10.375,10.3875,10.3875,9.877687499999999,10.564125
2024-10-11 01:40:00,5.5625,10.865625,9.345,9.80175,10.677375
2024-10-11 01:50:00,7.5625,10.003125,10.003125,9.7351875,10.504874999999998
2024-10-11 02:00:00,13.875,10.910625,10.910625,9.85275,10.6065
2024-10-11 02:10:00,7.6875,10.081875,10.081875,9.798375,10.44975
2024-10-11 02:20:00,14.0,10.876875,10.876875,10.0524375,10.547625
2024-10-11 02:30:00,7.6875,10.04625,10.04625,10.027125,10.383750000000001
2024-10-11 02:40:00,14.0625,10.895625,10.895625,10.224,10.56225
2024-10-11 02:50:00,7.9375,10.910625,10.021875,10.1859375,10.56225
2024-10-11 03:00:00,14.0,10.93125,10.93125,10.35,10.732125
2024-10-11 03:10:00,8.125,10.93125,10.126875,10.323937500000001,10.743
2024-10-11 03:20:00,14.5625,10.93125,1.33875,9.5233125,10.92
2024-10-11 03:30:00,24.9375,10.4175,10.4175,9.56475,10.824375
2024-10-11 03:40:00,12.875,10.760625,10.760625,9.54975,10.794374999999999
2024-10-11 03:50:00,6.5,9.86625,9.86625,9.5281875,10.581375
2024-10-11 04:00:00,13.0,10.7625,10.7625,9.51675,10.547625
2024-10-11 04:10:00,6.5625,9.920625,9.920625,9.5041875,10.3455
2024-10-11 04:20:00,13.0,10.768125,10.768125,9.4914375,10.415625
2024-10-11 04:30:00,6.9375,9.9225,9.9225,9.4815,10.248
2024-10-11 04:40:00,12.3125,10.768125,0.0,8.388375,10.428374999999999
2024-10-11 04:50:00,6.25,9.375,9.375,8.3131875,10.150875
2024-10-11 05:00:00,10.4375,10.505625,10.505625,9.229875,10.267875
2024-10-11 05:10:00,5.4375,9.4125,9.4125,9.129375,9.99675
2024-10-11 05:20:00,10.5,10.45125,10.45125,9.0984375,10.102500000000001
2024-10-11 05:30:00,4.8125,9.519375,9.519375,9.06375,9.85275
2024-10-11 05:40:00,10.6875,10.5075,10.5075,9.03825,10.07925
2024-10-11 05:50:00,100.5625,10.5075,1.0575,8.151937499999999,10.079625
2024-10-11 06:00:00,8.25,10.27125,10.27125,8.10225,10.251375
2024-10-11 06:10:00,14.25,10.5075,0.661875,7.1761875,10.262625000000002
2024-10-11 06:20:00,8.6875,10.26375,10.26375,8.202562499999999,10.4115
2024-10-11 06:30:00,14.25,10.5075,0.64875,7.3299375,10.4115
2024-10-11 06:40:00,8.6875,10.265625,10.265625,7.305937500000001,10.363125
2024-10-11 06:50:00,14.125,10.5075,0.650625,6.42975,10.410374999999998
2024-10-11 07:00:00,5.8125,9.815625,9.815625,6.3661875000000006,10.272
2024-10-11 07:10:00,11.9375,10.771875,10.771875,6.491437499999999,10.373625
2024-10-11 07:20:00,6.0625,9.82125,9.82125,6.422812500000001,10.236374999999999
2024-10-11 07:30:00,12.375,10.75125,10.75125,7.3921875,10.3335
2024-10-11 07:40:00,6.125,9.879375,9.879375,7.353,10.207874999999998
2024-10-11 07:50:00,12.4375,10.790625,10.790625,8.365874999999999,10.402875
2024-10-11 08:00:00,1.9375,10.790625,0.0,7.339500000000001,10.406625
2024-10-11 08:10:00,10.0625,10.5075,10.5075,8.325375,10.543875
2024-10-11 08:20:00,5.5,9.43875,9.43875,8.242687499999999,10.281375
2024-10-11 08:30:00,10.625,10.5,10.5,9.227625,10.4055
2024-10-11 08:40:00,4.9375,9.5775,9.5775,9.2038125,10.162875
2024-10-11 08:50:00,10.75,10.52625,10.52625,9.17925,10.11
2024-10-11 09:00:00,5.0625,9.620625,9.620625,9.1591875,9.932625
2024-10-11 09:10:00,10.875,10.561875,10.561875,9.14025,10.157250000000001
2024-10-11 09:20:00,5.125,9.654375,9.654375,9.117750000000001,9.988125
2024-10-11 09:30:00,11.125,10.636875,10.636875,9.102374999999999,10.2
2024-10-11 09:40:00,5.4375,10.636875,9.688125,10.071187499999999,10.222125
2024-10-11 09:50:00,8.9375,10.306875,10.306875,10.051125,10.359375
2024-10-11 10:00:00,14.1875,10.636875,0.645,9.17175,10.374375
2024-10-11 10:10:00,9.3125,10.34625,10.34625,9.156375,10.51275
2024-10-11 10:20:00,3.0,10.636875,0.673125,8.2659375,10.51275
2024-10-11 10:30:00,9.25,10.363125,10.363125,8.249625,10.458
2024-10-11 10:40:00,14.3125,10.636875,0.658125,7.353375,10.524
2024-10-11 10:50:00,9.5,10.363125,10.363125,7.333499999999999,10.46925
2024-10-11 11:00:00,13.3125,10.955625,10.955625,7.463625,10.591125
2024-10-11 11:10:00,7.5625,10.149375,10.149375,7.414874999999999,10.493625
2024-10-11 11:20:00,14.0625,11.030625,11.030625,7.549124999999999,10.627125
2024-10-11 11:30:00,7.875,10.14,10.14,7.532437499999999,10.527750000000001
2024-10-11 11:40:00,14.25,11.0175,11.0175,8.569687499999999,10.658624999999999
2024-10-11 11:50:00,8.1875,10.1925,10.1925,8.5543125,10.506
2024-10-11 12:00:00,14.6875,11.041875,11.041875,9.5911875,10.6845
2024-10-11 12:10:00,7.8125,9.99375,9.99375,9.55425,10.477125000000001
2024-10-11 12:20:00,12.6875,10.755,10.755,10.5639375,10.600125
2024-10-11 12:30:00,6.5,11.041875,9.88875,10.516499999999999,10.605
2024-10-11 12:40:00,13.0,10.83375,10.83375,10.504312500000001,10.73325
2024-10-11 12:50:00,6.5,11.041875,9.969375,10.4863125,10.733250000000002
2024-10-11 13:00:00,13.0625,10.83,10.83,10.46625,10.9005
2024-10-11 13:10:00,6.875,11.041875,9.969375,10.4491875,10.957875
2024-10-11 13:20:00,10.75,11.041875,0.0,9.347437500000002,10.957875
2024-10-11 13:30:00,7.75,9.290625,9.290625,9.257249999999999,10.64925
2024-10-11 13:40:00,10.625,10.57125,10.57125,9.2101875,10.555124999999999
2024-10-11 13:50:00,6.3125,9.466875,9.466875,9.1575,10.282499999999999
2024-10-11 14:00:00,10.625,10.531875,10.531875,9.1351875,10.180499999999999
2024-10-11 14:10:00,5.3125,9.575625,9.575625,9.103875,9.88725
2024-10-11 14:20:00,10.9375,10.550625,10.550625,9.0755625,10.139249999999999
2024-10-11 14:30:00,13.75,11.049375,11.049375,9.183562499999999,10.234875
2024-10-11 14:40:00,8.1875,10.194375,10.194375,9.12,10.380375
2024-10-11 14:50:00,14.75,11.049375,2.08875,8.331937499999999,10.483875000000001
2024-10-11 15:00:00,8.4375,10.258125,10.258125,9.35775,10.620375
2024-10-11 15:10:00,1.4375,11.049375,2.41125,8.6698125,10.720125
2024-10-11 15:20:00,8.5625,10.24875,10.24875,8.6375625,10.559999999999999
2024-10-11 15:30:00,0.4375,11.049375,0.0,7.690875,10.730999999999998
2024-10-11 15:40:00,6.6875,10.01625,10.01625,7.6393125,10.524375
2024-10-11 15:50:00,13.25,10.9125,10.9125,7.772999999999999,10.655249999999999
2024-10-11 16:00:00,7.1875,10.065,10.065,7.724437499999999,10.458375
2024-10-11 16:10:00,13.5,10.918125,10.918125,7.7113125,10.59225
2024-10-11 16:20:00,7.3125,10.070625,10.070625,7.6989374999999995,10.3965
2024-10-11 16:30:00,13.75,10.948125,10.948125,8.584875,10.582875
2024-10-11 16:40:00,7.75,10.948125,0.0,7.559062499999999,10.59
2024-10-11 16:50:00,10.5,10.561875,10.561875,8.374125,10.689375
2024-10-11 17:00:00,5.5,9.675,9.675,8.31675,10.44075
2024-10-11 17:10:00,11.25,10.635,10.635,9.38025,10.553625
2024-10-11 17:20:00,5.4375,9.691875,9.691875,9.3478125,10.302375000000001
2024-10-11 17:30:00,11.375,10.635,10.635,9.3200625,10.23975
2024-10-11 17:40:00,5.5625,9.744375,9.744375,9.288,10.07625
2024-10-11 17:50:00,11.5,10.6275,10.6275,9.2589375,10.266749999999998
2024-10-11 18:00:00,5.5,9.78375,9.78375,9.23025,10.0965
2024-10-11 18:10:00,11.625,10.65375,10.65375,9.200812500000001,10.288875
2024-10-11 18:20:00,5.875,10.65375,9.796875,10.1805,10.292625
2024-10-11 18:30:00,11.375,10.4775,10.4775,10.1720625,10.43925
2024-10-11 18:40:00,13.5625,10.65375,0.705,9.275062499999999,10.444500000000001
2024-10-11 18:50:00,9.375,10.4025,10.4025,9.2518125,10.568249999999999
2024-10-11 19:00:00,14.25,10.65375,0.735,8.356124999999999,10.56825
2024-10-11 19:10:00,9.3125,10.430625,10.430625,8.3356875,10.523625
2024-10-11 19:20:00,17.0,10.65375,1.183125,7.479562499999998,10.558875
2024-10-11 19:30:00,9.5625,10.411875,10.411875,7.458,10.510499999999999
2024-10-11 19:40:00,12.625,10.935,10.935,7.573125,10.617
2024-10-11 19:50:00,7.25,10.149375,10.149375,7.522687499999999,10.516124999999999
2024-10-11 20:00:00,13.4375,10.985625,10.985625,7.641562499999999,10.627125000000001
2024-10-11 20:10:00,7.4375,10.085625,10.085625,7.602375,10.513499999999999
2024-10-11 20:20:00,13.375,10.978125,10.978125,8.6296875,10.626750000000001
2024-10-11 20:30:00,7.625,10.1475,10.1475,8.6041875,10.46925
2024-10-11 20:40:00,13.5625,11.05125,11.05125,9.6358125,10.649625
2024-10-11 20:50:00,5.375,9.80625,9.80625,9.573375,10.413750000000002
2024-10-11 21:00:00,10.5625,10.651875,10.651875,10.52025,10.527
2024-10-11 21:10:00,5.3125,11.05125,9.74625,10.4536875,10.541625
2024-10-11 21:20:00,11.0,10.633125,10.633125,10.4235,10.638749999999998
2024-10-11 21:30:00,5.375,11.05125,9.79875,10.3884375,10.63875
2024-10-11 21:40:00,11.125,10.768125,10.768125,10.366687500000001,10.831125
2024-10-11 21:50:00,0.5625,11.05125,0.0,9.358125,10.911
2024-10-11 22:00:00,8.625,10.365,10.365,9.296812500000001,10.773749999999998
2024-10-11 22:10:00,13.9375,11.05125,0.72,8.354062500000001,10.857375000000001
2024-10-11 22:20:00,8.6875,10.381875,10.381875,8.287125,10.7235
2024-10-11 22:30:00,13.3125,11.05125,0.70875,7.377374999999999,10.780125000000002
2024-10-11 22:40:00,8.75,10.3875,10.3875,7.350937500000001,10.647375
2024-10-11 22:50:00,13.3125,11.05125,0.675,6.4438125,10.784625
2024-10-11 23:00:00,7.875,10.27875,10.27875,6.4083749999999995,10.630125
2024-10-11 23:10:00,13.8125,11.079375,11.079375,6.5364375,10.769625
2024-10-11 23:20:00,7.9375,10.209375,10.209375,6.4805625000000004,10.60125
2024-10-11 23:30:00,0.625,11.079375,0.0,6.4805625000000004,10.739625
2024-10-11 23:40:00,6.3125,10.08,10.08,6.452062499999999,10.545375000000002
2024-10-11 23:50:00,12.1875,10.86375,10.86375,7.4664375000000005,10.662375
2024-10-12 00:00:00,6.5625,10.003125,10.003125,7.4285625,10.447125000000002
2024-10-12 00:10:00,12.375,10.895625,10.895625,8.44725,10.584375
2024-10-12 00:20:00,6.75,10.05,10.05,8.4135,10.3785
2024-10-12 00:30:00,12.8125,10.918125,10.918125,9.4378125,10.546125
2024-10-12 00:40:00,5.125,9.639375,9.639375,9.373875,10.30125
2024-10-12 00:50:00,10.0,10.588125,10.588125,9.32475,10.41825
2024-10-12 01:00:00,5.125,9.645,9.645,9.2683125,10.168125
2024-10-12 01:10:00,10.4375,10.651875,10.651875,10.3335,10.288499999999999
2024-10-12 01:20:00,5.125,10.918125,9.6525,10.29075,10.288499999999999
2024-10-12 01:30:00,10.5625,10.636875,10.636875,10.2680625,10.488
2024-10-12 01:40:00,5.3125,10.918125,9.70125,10.237874999999999,10.553999999999998
2024-10-12 01:50:00,8.25,10.35,10.35,10.183312500000001,10.695
2024-10-12 02:00:00,4.9375,10.918125,0.7125,9.2495625,10.74825
2024-10-12 02:10:00,8.375,10.34625,10.34625,9.192375,10.633875
2024-10-12 02:20:00,13.8125,10.918125,0.658125,8.29425,10.690124999999998
2024-10-12 02:30:00,8.375,10.37625,10.37625,8.2730625,10.58175
2024-10-12 02:40:00,13.6875,10.918125,0.714375,7.38,10.695375
2024-10-12 02:50:00,8.125,10.918125,0.0,6.3148125,10.695375
2024-10-12 03:00:00,12.0625,10.959375,10.959375,6.4455,10.818
2024-10-12 03:10:00,6.4375,10.006875,10.006875,6.3825,10.63575
2024-10-12 03:20:00,12.5,10.96875,10.96875,6.50925,10.75425
2024-10-12 03:30:00,6.4375,10.065,10.065,6.4807500000000005,10.583625
2024-10-12 03:40:00,12.5,10.899375,10.899375,7.499437499999999,10.579875
2024-10-12 03:50:00,6.8125,10.095,10.095,7.474312499999999,10.407
2024-10-12 04:00:00,0.5,10.96875,0.0,7.408500000000001,10.599375
2024-10-12 04:10:00,8.4375,9.358125,9.358125,7.3066875,10.277249999999999
2024-10-12 04:20:00,9.9375,10.5675,10.5675,8.292,10.37775
2024-10-12 04:30:00,6.1875,9.50625,9.50625,9.242625,10.099125
2024-10-12 04:40:00,9.9375,10.65375,10.65375,9.2120625,10.210875000000001
2024-10-12 04:50:00,5.125,9.556875,9.556875,9.1670625,9.928500000000001
2024-10-12 05:00:00,10.3125,10.644375,10.644375,9.134625,10.18575
2024-10-12 05:10:00,4.6875,9.69375,9.69375,9.0975,10.011
2024-10-12 05:20:00,10.375,10.66875,10.66875,9.0744375,10.243500000000001
2024-10-12 05:30:00,5.125,9.76125,9.76125,9.041062499999999,10.065
2024-10-12 05:40:00,10.75,10.68375,10.68375,10.109437500000002,10.290375000000001
2024-10-12 05:50:00,13.25,10.68375,0.695625,9.243187500000001,10.29825
2024-10-12 06:00:00,8.625,10.453125,10.453125,9.23175,10.450125
2024-10-12 06:10:00,13.6875,10.68375,0.594375,8.3405625,10.453125
2024-10-12 06:20:00,8.8125,10.45125,10.45125,8.3203125,10.591125
2024-10-12 06:30:00,13.5,10.68375,0.6075,7.425375,10.591125
2024-10-12 06:40:00,9.1875,10.494375,10.494375,7.410374999999999,10.55325
2024-10-12 06:50:00,14.125,10.68375,0.0,6.441,10.599375
2024-10-12 07:00:00,5.6875,9.928125,9.928125,6.366937500000001,10.448249999999998
2024-10-12 07:10:00,11.5625,10.801875,10.801875,6.470999999999999,10.518375
2024-10-12 07:20:00,6.0625,9.965625,9.965625,6.3991875,10.37475
2024-10-12 07:30:00,12.0,10.88625,10.88625,7.4182500000000005,10.453125
2024-10-12 07:40:00,6.0625,10.025625,10.025625,7.3755,10.321499999999999
2024-10-12 07:50:00,12.3125,10.9425,10.9425,8.4103125,10.524375000000001
2024-10-12 08:00:00,10.6875,10.05,10.05,8.3701875,10.374
2024-10-12 08:10:00,10.5,10.648125,10.648125,9.37425,10.510499999999999
2024-10-12 08:20:00,7.1875,9.459375,9.459375,9.270750000000001,10.225125
2024-10-12 08:30:00,10.5,10.666875,10.666875,10.3374375,10.353375
2024-10-12 08:40:00,5.5,10.9425,9.6,10.304625,10.353375
2024-10-12 08:50:00,10.4375,10.629375,10.629375,10.287375,10.46925
2024-10-12 09:00:00,5.125,10.9425,9.6075,10.2515625,10.528125
2024-10-12 09:10:00,7.9375,10.32375,10.32375,10.1953125,10.701
2024-10-12 09:20:00,13.875,11.150625,11.150625,10.3078125,10.79775
2024-10-12 09:30:00,8.125,10.28625,10.28625,10.2421875,10.666500000000001
2024-10-12 09:40:00,14.4375,11.19,11.19,10.3561875,10.778625
2024-10-12 09:50:00,8.125,11.19,10.31625,10.323,10.828125
2024-10-12 10:00:00,15.0,11.19,2.6925,9.646312499999999,11.001375
2024-10-12 10:10:00,8.5625,10.359375,10.359375,9.6155625,10.843125
2024-10-12 10:20:00,2.8125,11.19,1.449375,8.8005,11.023875
2024-10-12 10:30:00,8.6875,10.35,10.35,8.7725625,10.855875000000001
2024-10-12 10:40:00,13.5,11.19,0.81375,7.893187499999999,10.855875000000001
2024-10-12 10:50:00,9.0,11.19,4.546875,7.315499999999998,10.855875
2024-10-12 11:00:00,12.9375,10.9575,10.9575,7.2961875,10.9755
2024-10-12 11:10:00,7.0,10.0875,10.0875,7.2763125,10.754999999999999
2024-10-12 11:20:00,13.5,10.99125,10.99125,7.2564375,10.88325
2024-10-12 11:30:00,7.125,10.175625,10.175625,7.242375,10.680375000000002
2024-10-12 11:40:00,13.625,11.02875,11.02875,8.076,10.648125
2024-10-12 11:50:00,7.5,10.155,10.155,8.0555625,10.487625
2024-10-12 12:00:00,14.0,11.11875,11.11875,9.022499999999999,10.693875
2024-10-12 12:10:00,5.9375,10.00875,10.00875,8.988375000000001,10.497375
2024-10-12 12:20:00,12.4375,10.850625,10.850625,9.9920625,10.632375
2024-10-12 12:30:00,6.375,11.11875,10.01625,10.539000000000001,10.650375
2024-10-12 12:40:00,10.4375,10.62,10.62,10.50525,10.743375
2024-10-12 12:50:00,10.0625,11.11875,9.29625,10.426125,10.743375
2024-10-12 13:00:00,10.75,10.58625,10.58625,10.385625000000001,10.858875000000001
2024-10-12 13:10:00,6.6875,11.11875,9.57,10.3250625,10.9125
2024-10-12 13:20:00,10.875,10.68,10.68,10.2901875,10.824749999999998
2024-10-12 13:30:00,5.6875,11.11875,9.59625,10.2343125,10.9245
2024-10-12 13:40:00,11.1875,10.625625,10.625625,10.185,10.825875
2024-10-12 13:50:00,13.3125,11.04375,11.04375,10.288499999999999,10.917375
2024-10-12 14:00:00,7.5625,11.11875,10.12125,10.215562499999999,10.917375
2024-10-12 14:10:00,14.3125,11.0775,11.0775,10.3216875,10.996875
2024-10-12 14:20:00,7.6875,11.11875,10.171875,10.276875,10.996875
2024-10-12 14:30:00,14.4375,11.075625,11.075625,10.4548125,11.086875
2024-10-12 14:40:00,8.0,11.11875,10.228125,10.419,11.101875000000001
2024-10-12 14:50:00,14.6875,11.115,11.115,10.5735,11.101125
2024-10-12 15:00:00,8.0,11.11875,10.258125,10.5313125,11.109375
2024-10-12 15:10:00,14.625,11.180625,11.180625,10.68975,11.12175
2024-10-12 15:20:00,8.25,11.180625,10.24125,10.6513125,11.142750000000001
2024-10-12 15:30:00,0.875,11.180625,0.0,9.546937500000002,11.155124999999998
2024-10-12 15:40:00,5.4375,9.78375,9.78375,9.5131875,10.888875
2024-10-12 15:50:00,11.8125,10.768125,10.768125,9.48225,10.81875
2024-10-12 16:00:00,5.75,9.853125,9.853125,9.450375,10.553249999999998
2024-10-12 16:10:00,12.0625,10.741875,10.741875,9.417,10.465499999999999
2024-10-12 16:20:00,5.875,9.826875,9.826875,9.376875,10.194749999999999
2024-10-12 16:30:00,12.375,10.7625,10.7625,9.341625,10.3905
2024-10-12 16:40:00,5.875,9.856875,9.856875,9.301499999999999,10.20825
2024-10-12 16:50:00,12.375,10.798125,10.798125,9.263250000000001,10.39725
2024-10-12 17:00:00,6.0,9.931875,9.931875,9.232312499999999,10.23525
2024-10-12 17:10:00,12.625,10.81875,10.81875,10.3141875,10.433625000000001
2024-10-12 17:20:00,19.125,10.81875,8.791875,10.215,10.444875
2024-10-12 17:30:00,10.5,10.55625,10.55625,10.1938125,10.58475
2024-10-12 17:40:00,10.375,10.81875,9.33,10.1415,10.588875
2024-10-12 17:50:00,8.5,10.183125,10.183125,10.085625,10.639125
2024-10-12 18:00:00,14.0625,11.026875,11.026875,10.205625000000001,10.68075
2024-10-12 18:10:00,7.625,10.1475,10.1475,10.144124999999999,10.5465
2024-10-12 18:20:00,14.1875,11.0175,11.0175,10.260187499999999,10.638749999999998
2024-10-12 18:30:00,7.5,11.026875,10.15875,10.19625,10.680375000000002
2024-10-12 18:40:00,14.3125,11.038125,11.038125,10.306875000000002,10.851375
2024-10-12 18:50:00,7.8125,11.038125,10.209375,10.2459375,10.853625000000001
2024-10-12 19:00:00,14.125,11.01375,11.01375,10.468125,11.026875
2024-10-12 19:10:00,7.8125,11.038125,10.194375,10.4319375,11.031000000000002
2024-10-12 19:20:00,14.4375,11.090625,11.090625,10.608,11.04375
2024-10-12 19:30:00,0.375,11.090625,0.0,9.5896875,11.05425
2024-10-12 19:40:00,12.3125,10.895625,10.895625,9.576562500000001,11.025749999999999
2024-10-12 19:50:00,6.3125,9.98625,9.98625,9.5604375,10.82025
2024-10-12 20:00:00,12.8125,10.876875,10.876875,9.546375000000001,10.788
2024-10-12 20:10:00,6.375,10.00125,10.00125,9.530625,10.570125
2024-10-12 20:20:00,12.8125,10.895625,10.895625,9.516375,10.531125
2024-10-12 20:30:00,6.625,9.9825,9.9825,9.4936875,10.348500000000001
2024-10-12 20:40:00,12.5625,10.895625,0.0,8.3923125,10.530375000000001
2024-10-12 20:50:00,16.125,10.895625,8.911875,8.2640625,10.534125
2024-10-12 21:00:00,10.0,10.56,10.56,8.211000000000002,10.645875
2024-10-12 21:10:00,8.4375,9.3225,9.3225,9.14325,10.33125
2024-10-12 21:20:00,10.25,10.595625,10.595625,9.113249999999999,10.453875
2024-10-12 21:30:00,6.0,9.534375,9.534375,9.0680625,10.181625
2024-10-12 21:40:00,10.5625,10.591875,10.591875,9.039562499999999,10.120875000000002
2024-10-12 21:50:00,5.0625,9.590625,9.590625,8.9985,9.927
2024-10-12 22:00:00,10.5625,10.591875,10.591875,8.968125,10.180875
2024-10-12 22:10:00,4.9375,9.67875,9.67875,8.93775,9.9975
2024-10-12 22:20:00,10.9375,10.71,10.71,10.008750000000001,10.232625
2024-10-12 22:30:00,14.4375,11.1075,11.1075,10.2283125,10.33575
2024-10-12 22:40:00,7.5625,10.231875,10.231875,10.195500000000001,10.464000000000002
2024-10-12 22:50:00,14.125,11.131875,11.131875,10.3764375,10.572
2024-10-12 23:00:00,8.0625,11.131875,10.29375,10.346250000000001,10.862625
2024-10-12 23:10:00,14.1875,11.2125,11.2125,10.5140625,10.963125000000002
2024-10-12 23:20:00,8.125,11.2125,10.340625,10.4889375,10.984125
2024-10-12 23:30:00,14.625,11.2125,1.23375,9.65325,11.18025
2024-10-12 23:40:00,5.875,9.95625,9.95625,9.5896875,10.945125
2024-10-12 23:50:00,12.0,10.83375,10.83375,9.705187500000001,10.885499999999999
2024-10-13 00:00:00,6.3125,9.973125,9.973125,9.631499999999999,10.637625
2024-10-13 00:10:00,12.3125,10.86,10.86,9.60675,10.567125
2024-10-13 00:20:00,6.25,10.010625,10.010625,9.584624999999999,10.32675
2024-10-13 00:30:00,12.75,10.87875,10.87875,9.5593125,10.51125
2024-10-13 00:40:00,6.5625,10.0425,10.0425,9.5341875,10.352999999999998
2024-10-13 00:50:00,10.25,10.695,10.695,9.4824375,10.497375
2024-10-13 01:00:00,5.25,9.5625,9.5625,9.404625,10.237874999999999
2024-10-13 01:10:00,10.75,10.7025,10.7025,10.3515,10.37625
2024-10-13 01:20:00,5.0,10.87875,9.79125,10.334999999999999,10.37625
2024-10-13 01:30:00,10.75,10.711875,10.711875,10.322812500000001,10.510125
2024-10-13 01:40:00,5.25,10.87875,9.800625,10.3055625,10.546875
2024-10-13 01:50:00,9.5,10.87875,0.0,9.2195625,10.810125000000001
2024-10-13 02:00:00,2.25,10.87875,0.646875,8.2831875,10.845375
2024-10-13 02:10:00,8.8125,10.486875,10.486875,8.244,10.767
2024-10-13 02:20:00,14.0,10.87875,0.661875,7.305937500000001,10.800374999999999
2024-10-13 02:30:00,8.8125,10.509375,10.509375,7.287375,10.7265
2024-10-13 02:40:00,13.75,10.87875,0.6675,6.397875,10.7265
2024-10-13 02:50:00,9.0625,10.516875,10.516875,6.379312499999999,10.654125
2024-10-13 03:00:00,0.5,9.493125,9.493125,6.3495,10.455375
2024-10-13 03:10:00,6.9375,10.29,10.29,6.3073125,10.337625
2024-10-13 03:20:00,13.1875,11.1,11.1,6.437250000000001,10.45575
2024-10-13 03:30:00,7.3125,10.303125,10.303125,7.4675625,10.340625
2024-10-13 03:40:00,13.3125,11.1675,11.1675,8.519625000000001,10.470749999999999
2024-10-13 03:50:00,7.5,10.33875,10.33875,8.5048125,10.639875
2024-10-13 04:00:00,13.75,11.176875,11.176875,9.5563125,10.81725
2024-10-13 04:10:00,6.75,11.176875,0.0,8.505375,10.832625
2024-10-13 04:20:00,10.5,10.783125,10.783125,9.516937500000001,10.928625
2024-10-13 04:30:00,5.125,9.905625,9.905625,9.4558125,10.67625
2024-10-13 04:40:00,11.25,10.845,10.845,9.591,10.7775
2024-10-13 04:50:00,5.1875,9.943125,9.943125,9.5563125,10.530750000000001
2024-10-13 05:00:00,11.25,10.8375,10.8375,9.5300625,10.462875
2024-10-13 05:10:00,5.5625,10.00125,10.00125,9.499875,10.3065
2024-10-13 05:20:00,13.375,10.663125,10.663125,9.449437499999998,10.458000000000002
2024-10-13 05:30:00,13.1875,10.845,0.6675,8.4823125,10.458000000000002
2024-10-13 05:40:00,9.0625,10.543125,10.543125,8.4189375,10.578
2024-10-13 05:50:00,13.5,10.845,0.643125,8.48325,10.579500000000001
2024-10-13 06:00:00,9.0625,10.60125,10.60125,8.4650625,10.6995
2024-10-13 06:10:00,14.625,10.845,0.628125,7.5373125000000005,10.735875
2024-10-13 06:20:00,9.3125,10.621875,10.621875,7.515000000000001,10.69125
2024-10-13 06:30:00,17.875,10.845,4.955625,7.016250000000001,10.751625
2024-10-13 06:40:00,9.4375,10.648125,10.648125,6.9973125,10.712250000000001
2024-10-13 06:50:00,22.8125,10.845,7.801875,6.777375000000001,10.761
2024-10-13 07:00:00,9.75,10.845,0.0,5.7110625,10.761
2024-10-13 07:10:00,12.0,11.14875,11.14875,6.7591875,10.866375000000001
2024-10-13 07:20:00,6.8125,10.284375,10.284375,6.733312499999999,10.754249999999999
2024-10-13 07:30:00,13.125,11.1375,11.1375,7.78275,10.852125000000001
2024-10-13 07:40:00,6.9375,10.30875,10.30875,7.7535,10.744874999999999
2024-10-13 07:50:00,13.25,11.09625,11.09625,8.8003125,10.795125
2024-10-13 08:00:00,7.1875,10.321875,10.321875,8.7703125,10.62975
2024-10-13 08:10:00,13.375,11.150625,11.150625,9.3898125,10.802999999999999
2024-10-13 08:20:00,7.1875,10.396875,10.396875,9.364687499999999,10.654875
2024-10-13 08:30:00,13.5625,11.150625,11.150625,9.699562499999999,10.82325
2024-10-13 08:40:00,7.5625,11.150625,10.36875,10.7364375,10.834125
2024-10-13 08:50:00,11.3125,10.918125,10.918125,10.713375,10.953375
2024-10-13 09:00:00,5.1875,11.150625,10.035,10.688437500000001,10.953375
2024-10-13 09:10:00,11.4375,10.899375,10.899375,10.664625,11.053875
2024-10-13 09:20:00,5.6875,11.150625,9.969375,10.630687499999999,11.053875
2024-10-13 09:30:00,11.4375,10.87875,10.87875,10.6089375,10.9995
2024-10-13 09:40:00,5.5625,11.150625,10.010625,10.577812499999999,11.046
2024-10-13 09:50:00,11.75,10.96875,10.96875,10.559625,11.009625
2024-10-13 10:00:00,17.375,11.150625,8.754375,10.395375,11.059875
2024-10-13 10:10:00,9.8125,10.68375,10.68375,10.3486875,10.9665
2024-10-13 10:20:00,11.0,11.150625,9.361875,10.248,11.020875
2024-10-13 10:30:00,10.0625,10.719375,10.719375,10.228124999999999,10.934625
2024-10-13 10:40:00,6.3125,11.150625,9.583125,10.1829375,10.971
2024-10-13 10:50:00,10.375,10.708125,10.708125,10.1638125,10.882499999999999
2024-10-13 11:00:00,15.125,11.150625,0.0,9.166875000000001,10.975874999999998
2024-10-13 11:10:00,7.5625,10.415625,10.415625,9.1205625,10.828875
2024-10-13 11:20:00,14.0,11.236875,11.236875,9.243187500000001,10.932375
2024-10-13 11:30:00,8.1875,10.445625,10.445625,9.190875,10.791375
2024-10-13 11:40:00,14.25,11.236875,1.2675,8.4421875,10.897124999999999
2024-10-13 11:50:00,8.3125,10.434375,10.434375,8.41725,10.753874999999999
2024-10-13 12:00:00,20.8125,11.236875,2.023125,7.683375000000001,10.918125
2024-10-13 12:10:00,8.75,10.44375,10.44375,7.655812500000001,10.7595
2024-10-13 12:20:00,11.75,10.96125,10.96125,7.7936250000000005,10.862625
2024-10-13 12:30:00,6.375,10.100625,10.100625,7.732875,10.635375
2024-10-13 12:40:00,12.6875,10.993125,10.993125,8.8321875,10.747125
2024-10-13 12:50:00,6.5,10.10625,10.10625,8.80125,10.520999999999999
2024-10-13 13:00:00,12.875,11.0625,11.0625,8.7838125,10.644749999999998
2024-10-13 13:10:00,6.6875,10.2,10.2,8.75925,10.4925
2024-10-13 13:20:00,13.125,11.0775,11.0775,9.74025,10.687875
2024-10-13 13:30:00,5.3125,10.02,10.02,9.698812499999999,10.49325
2024-10-13 13:40:00,11.5625,10.895625,10.895625,10.5860625,10.651125
2024-10-13 13:50:00,5.8125,11.0775,9.943125,10.536,10.654125
2024-10-13 14:00:00,10.0625,10.610625,10.610625,10.500937500000001,10.73625
2024-10-13 14:10:00,7.0,11.0775,9.5775,10.448625,10.73625
2024-10-13 14:20:00,10.625,10.715625,10.715625,10.420874999999999,10.875375000000002
2024-10-13 14:30:00,14.625,11.0775,0.0,9.410250000000001,10.911750000000001
2024-10-13 14:40:00,8.25,10.42875,10.42875,9.346875,10.782
2024-10-13 14:50:00,15.875,11.0775,2.36625,8.563500000000001,10.875375000000002
2024-10-13 15:00:00,8.75,10.4625,10.4625,8.502,10.752375
2024-10-13 15:10:00,14.0,11.0775,1.209375,7.620937500000001,10.82475
2024-10-13 15:20:00,8.8125,10.520625,10.520625,7.5834375,10.713375000000001
2024-10-13 15:30:00,14.8125,11.0775,0.8025,6.6693750000000005,10.843125
2024-10-13 15:40:00,0.9375,11.0775,0.0,5.6083125,10.843125
2024-10-13 15:50:00,13.3125,11.176875,11.176875,5.76825,10.986
2024-10-13 16:00:00,7.1875,10.2075,10.2075,5.7174375,10.812000000000001
2024-10-13 16:10:00,13.5625,11.11875,11.11875,6.8293125,10.931625
2024-10-13 16:20:00,5.375,9.99,9.99,6.7854375000000005,10.714125
2024-10-13 16:30:00,11.4375,10.914375,10.914375,7.64025,10.6815
2024-10-13 16:40:00,5.9375,9.99375,9.99375,7.593375,10.444875
2024-10-13 16:50:00,16.8125,10.685625,10.685625,8.541,10.5405
2024-10-13 17:00:00,23.3125,11.11875,7.08,8.1969375,10.5405
2024-10-13 17:10:00,10.1875,10.651875,10.651875,9.181875000000002,10.672875000000001
2024-10-13 17:20:00,20.375,11.11875,8.743125,10.0561875,10.713750000000001
2024-10-13 17:30:00,10.1875,10.66875,10.66875,10.005374999999999,10.84875
2024-10-13 17:40:00,10.625,11.11875,9.465,9.931125,10.935375
2024-10-13 17:50:00,10.5625,10.678125,10.678125,9.8870625,10.847249999999999
2024-10-13 18:00:00,13.75,11.21625,11.21625,10.0096875,10.960125
2024-10-13 18:10:00,7.9375,10.3425,10.3425,9.9525,10.804875
2024-10-13 18:20:00,14.25,11.206875,11.206875,10.073812499999999,10.9125
2024-10-13 18:30:00,8.3125,10.411875,10.411875,10.0464375,10.771125
2024-10-13 18:40:00,14.375,11.21625,1.4625,9.4846875,10.87875
2024-10-13 18:50:00,8.5,10.434375,10.434375,9.462937499999999,10.722375
2024-10-13 19:00:00,17.4375,11.21625,2.353125,8.8239375,10.897124999999999
2024-10-13 19:10:00,0.4375,11.21625,0.0,7.757062499999999,10.899000000000001
2024-10-13 19:20:00,11.125,10.906875,10.906875,7.901249999999999,10.998000000000001
2024-10-13 19:30:00,5.9375,9.995625,9.995625,7.833,10.753874999999999
2024-10-13 19:40:00,12.0,10.895625,10.895625,7.800937500000001,10.846124999999999
2024-10-13 19:50:00,5.9375,10.06875,10.06875,7.7735625,10.616625
2024-10-13 20:00:00,12.125,10.936875,10.936875,7.7465625000000005,10.56075
2024-10-13 20:10:00,6.1875,10.051875,10.051875,7.7105625,10.389750000000001
2024-10-13 20:20:00,12.125,10.93875,10.93875,8.6581875,10.578375
2024-10-13 20:30:00,6.1875,10.134375,10.134375,8.6281875,10.426125
2024-10-13 20:40:00,12.375,10.96875,10.96875,9.48975,10.606125
2024-10-13 20:50:00,6.5,10.96875,10.1025,10.5,10.6125
2024-10-13 21:00:00,10.5625,10.815,10.815,10.4908125,10.765125000000001
2024-10-13 21:10:00,5.0625,10.96875,9.871875,10.4784375,10.771125000000001
2024-10-13 21:20:00,11.0,10.8075,10.8075,10.469624999999999,10.905750000000001
2024-10-13 21:30:00,14.1875,10.96875,0.669375,9.5296875,10.905750000000001
2024-10-13 21:40:00,8.75,10.54875,10.54875,9.490874999999999,10.82175
2024-10-13 21:50:00,13.75,10.96875,0.643125,8.55,10.852500000000001
2024-10-13 22:00:00,9.375,10.62375,10.62375,8.5185,10.7835
2024-10-13 22:10:00,13.5625,10.96875,0.684375,7.5735,10.81575
2024-10-13 22:20:00,9.375,10.610625,10.610625,7.5376875,10.744125
2024-10-13 22:30:00,14.1875,10.96875,0.68625,6.5960624999999995,10.828125
2024-10-13 22:40:00,7.3125,10.96875,0.0,5.5145625,10.828125
2024-10-13 22:50:00,12.625,11.0625,11.0625,5.633624999999999,10.915875
2024-10-13 23:00:00,6.875,10.17,10.17,5.569875,10.756125
2024-10-13 23:10:00,12.8125,11.08875,11.08875,6.611812499999999,10.85175
2024-10-13 23:20:00,6.75,10.201875,10.201875,6.577125,10.698375
2024-10-13 23:30:00,12.8125,11.135625,11.135625,7.626375,10.73175
2024-10-13 23:40:00,7.0625,10.23375,10.23375,7.587375,10.565999999999999
2024-10-13 23:50:00,11.75,11.023125,11.023125,8.62125,10.736625
2024-10-14 00:00:00,6.0,10.115625,10.115625,8.57175,10.542
2024-10-14 00:10:00,11.9375,11.01375,11.01375,9.604499999999998,10.704374999999999
2024-10-14 00:20:00,11.9375,11.135625,9.875625,10.5920625,10.704375
2024-10-14 00:30:00,9.9375,10.725,10.725,10.5583125,10.802625
2024-10-14 00:40:00,7.1875,11.135625,9.555,10.496812499999999,10.825125
2024-10-14 00:50:00,10.375,10.73625,10.73625,10.4615625,10.94925
2024-10-14 01:00:00,5.6875,11.135625,9.695625,10.4109375,10.973625
2024-10-14 01:10:00,10.375,10.7325,10.7325,10.370625,10.892999999999999
2024-10-14 01:20:00,5.25,11.135625,9.751875,10.3224375,10.975124999999998
2024-10-14 01:30:00,8.625,10.4175,10.4175,10.261875,10.8315
2024-10-14 01:40:00,13.375,11.206875,11.206875,10.370999999999999,10.925625
2024-10-14 01:50:00,7.75,10.41,10.41,10.310624999999998,10.7805
2024-10-14 02:00:00,13.875,11.23125,11.23125,10.4461875,10.88025
2024-10-14 02:10:00,7.8125,11.23125,10.40625,10.4143125,10.899375000000001
2024-10-14 02:20:00,13.875,11.265,11.265,10.5853125,11.068875
2024-10-14 02:30:00,8.125,11.265,10.438125,10.555499999999999,11.0805
2024-10-14 02:40:00,11.0625,10.9275,10.9275,10.678687499999999,11.184000000000001
2024-10-14 02:50:00,6.125,11.265,10.093125,10.614749999999999,11.19075
2024-10-14 03:00:00,12.0625,10.96875,10.96875,10.7364375,11.13825
2024-10-14 03:10:00,6.125,11.265,10.126875,10.707374999999999,11.13825
2024-10-14 03:20:00,12.0625,11.034375,11.034375,10.690125,11.092125
2024-10-14 03:30:00,6.4375,11.265,10.149375,10.6640625,11.159625
2024-10-14 03:40:00,12.3125,11.08125,11.08125,10.6490625,11.122874999999999
2024-10-14 03:50:00,6.375,11.265,10.231875,10.631625,11.182125
2024-10-14 04:00:00,12.4375,11.08875,11.08875,10.614,11.146875
2024-10-14 04:10:00,6.6875,11.265,10.2375,10.5939375,11.193000000000001
2024-10-14 04:20:00,25.75,11.0025,11.0025,10.6014375,11.1405
2024-10-14 04:30:00,5.125,11.265,9.92625,10.584750000000001,11.17725
2024-10-14 04:40:00,10.75,10.86,10.86,10.573875000000001,11.096250000000001
2024-10-14 04:50:00,5.375,11.265,9.945,10.5556875,11.131499999999999
2024-10-14 05:00:00,8.125,10.5225,10.5225,10.5045,10.983
2024-10-14 05:10:00,0.3125,11.265,2.2425,9.7138125,11.0355
2024-10-14 05:20:00,8.5,10.52625,10.52625,9.6583125,10.88775
2024-10-14 05:30:00,3.5,11.265,1.0725,8.742375,10.96875
2024-10-14 05:40:00,8.5,10.52625,10.52625,8.686125,10.821000000000002
2024-10-14 05:50:00,14.25,11.265,0.79125,7.7415,10.9695
2024-10-14 06:00:00,8.6875,10.543125,10.543125,7.695562499999999,10.825125
2024-10-14 06:10:00,14.0,11.265,0.63375,6.7663125,10.972875
2024-10-14 06:20:00,8.9375,10.580625,10.580625,6.738375,10.836
2024-10-14 06:30:00,13.9375,11.265,0.64125,5.808,10.98375
2024-10-14 06:40:00,7.5,10.228125,10.228125,5.7785625,10.776375000000002
2024-10-14 06:50:00,11.875,11.079375,11.079375,6.66225,10.883625
2024-10-14 07:00:00,6.3125,10.168125,10.168125,6.6264375,10.66425
2024-10-14 07:10:00,12.3125,11.083125,11.083125,7.6275,10.764750000000001
2024-10-14 07:20:00,6.4375,10.27125,10.27125,7.601999999999999,10.566
2024-10-14 07:30:00,12.375,11.10375,11.10375,8.63325,10.741125
2024-10-14 07:40:00,6.6875,10.254375,10.254375,8.604375000000001,10.576125
2024-10-14 07:50:00,9.8125,10.816875,10.816875,9.6226875,10.705875
2024-10-14 08:00:00,9.1875,9.61125,9.61125,9.525749999999999,10.4115
2024-10-14 08:10:00,10.375,10.745625,10.745625,10.5361875,10.506375
2024-10-14 08:20:00,6.0,11.10375,9.729375,10.4863125,10.506375
2024-10-14 08:30:00,10.375,10.794375,10.794375,10.4578125,10.614375
2024-10-14 08:40:00,5.375,11.10375,9.81,10.422,10.67175
2024-10-14 08:50:00,10.75,10.880625,10.880625,10.40175,10.925625
2024-10-14 09:00:00,5.0,11.10375,9.853125,10.359937500000001,10.99725
2024-10-14 09:10:00,10.8125,10.84125,10.84125,10.3336875,10.94475
2024-10-14 09:20:00,5.375,11.10375,9.93375,10.301625,11.006625
2024-10-14 09:30:00,8.5625,11.11875,11.11875,10.331812500000002,11.009625
2024-10-14 09:40:00,14.0,11.11875,0.718125,9.442499999999999,11.05725
2024-10-14 09:50:00,9.0,10.584375,10.584375,9.426375,10.953375
2024-10-14 10:00:00,14.4375,11.11875,0.646875,8.518125000000001,11.008875
2024-10-14 10:10:00,9.125,10.6275,10.6275,8.5014375,10.913625
2024-10-14 10:20:00,1.875,11.11875,0.688125,7.58925,10.913625
2024-10-14 10:30:00,9.4375,10.621875,10.621875,7.563374999999999,10.814250000000001
2024-10-14 10:40:00,12.75,11.229375,11.229375,7.700999999999999,10.94325
2024-10-14 10:50:00,7.4375,10.395,10.395,7.656374999999999,10.798499999999999
2024-10-14 11:00:00,13.5625,11.2425,11.2425,7.78725,10.921499999999998
2024-10-14 11:10:00,7.6875,10.426875,10.426875,7.718062499999999,10.783125
2024-10-14 11:20:00,13.5,11.325,11.325,8.778749999999999,10.923750000000002
2024-10-14 11:30:00,7.75,10.50375,10.50375,8.7706875,10.778625
2024-10-14 11:40:00,13.9375,11.31,11.31,9.837,10.961625000000002
2024-10-14 11:50:00,0.4375,11.325,0.0,8.774249999999999,10.978125
2024-10-14 12:00:00,10.8125,10.935,10.935,9.7989375,11.07975
2024-10-14 12:10:00,5.3125,9.96375,9.96375,9.733125000000001,10.807500000000001
2024-10-14 12:20:00,11.375,10.9575,10.9575,9.705937500000001,10.89825
2024-10-14 12:30:00,5.25,10.035,10.035,9.6699375,10.643249999999998
2024-10-14 12:40:00,11.5625,10.965,10.965,9.6421875,10.571250000000001
2024-10-14 12:50:00,5.75,10.03875,10.03875,9.603375,10.392
2024-10-14 13:00:00,11.6875,10.996875,10.996875,9.5705625,10.598625
2024-10-14 13:10:00,5.8125,10.134375,10.134375,9.533625,10.434000000000001
2024-10-14 13:20:00,11.9375,11.055,11.055,9.508125,10.638
2024-10-14 13:30:00,6.0625,11.055,10.11,10.519124999999999,10.656
2024-10-14 13:40:00,9.625,10.73625,10.73625,10.49925,10.7955
2024-10-14 13:50:00,0.875,11.055,5.9025,10.093124999999999,10.807125000000001
2024-10-14 14:00:00,10.0,10.785,10.785,10.075875,10.93725
2024-10-14 14:10:00,22.0,11.055,8.263125,9.8986875,10.937249999999999
2024-10-14 14:20:00,9.875,10.73625,10.73625,9.875812499999999,10.873499999999998
2024-10-14 14:30:00,13.125,11.055,9.29625,9.8015625,10.93725
2024-10-14 14:40:00,10.375,10.88625,10.88625,9.7905,10.9035
2024-10-14 14:50:00,0.9375,11.055,0.849375,8.861999999999998,10.9575
2024-10-14 15:00:00,8.75,10.610625,10.610625,8.817562500000001,10.868625
2024-10-14 15:10:00,14.4375,11.055,0.729375,7.8795,10.932375
2024-10-14 15:20:00,14.0,10.62375,10.62375,7.868250000000001,10.846125
2024-10-14 15:30:00,13.75,11.37375,11.37375,8.415375000000001,10.943625
2024-10-14 15:40:00,8.1875,10.485,10.485,8.385375,10.829625
2024-10-14 15:50:00,14.375,11.40375,11.40375,8.6994375,10.988249999999999
2024-10-14 16:00:00,6.75,10.275,10.275,8.653312500000002,10.83225
2024-10-14 16:10:00,13.0,11.206875,11.206875,8.844375000000001,10.948875
2024-10-14 16:20:00,7.3125,10.321875,10.321875,8.7879375,10.738499999999998
2024-10-14 16:30:00,10.5,10.873125,10.873125,9.7903125,10.816125
2024-10-14 16:40:00,5.0625,9.9375,9.9375,9.722999999999999,10.522874999999999
2024-10-14 16:50:00,11.125,10.955625,10.955625,10.745625,10.659
2024-10-14 17:00:00,5.25,11.206875,9.98625,10.681875,10.659
2024-10-14 17:10:00,11.125,10.9425,10.9425,10.63875,10.783125
2024-10-14 17:20:00,5.5625,11.206875,10.021875,10.592437499999999,10.849875
2024-10-14 17:30:00,11.5,10.959375,10.959375,10.548,11.05425
2024-10-14 17:40:00,5.4375,11.206875,10.0125,10.52175,11.104499999999998
2024-10-14 17:50:00,11.5,10.965,10.965,10.497562499999999,11.056125
2024-10-14 18:00:00,5.625,11.206875,10.100625,10.475437500000002,11.109
2024-10-14 18:10:00,3.9375,11.206875,0.0,9.388125,11.109
2024-10-14 18:20:00,17.3125,11.206875,1.261875,8.5205625,11.1585
2024-10-14 18:30:00,10.1875,10.771875,10.771875,8.502187500000002,11.0715
2024-10-14 18:40:00,24.375,11.206875,6.51,8.1545625,11.119875
2024-10-14 18:50:00,10.25,10.843125,10.843125,8.144625,11.047125
2024-10-14 19:00:00,21.375,11.206875,8.641875,8.006625,11.047125
2024-10-14 19:10:00,10.5625,10.81125,10.81125,7.991812499999999,10.968
2024-10-14 19:20:00,14.4375,11.206875,0.0,6.9905625,11.055000000000001
2024-10-14 19:30:00,8.3125,10.54875,10.54875,6.9489374999999995,10.923375
2024-10-14 19:40:00,14.625,11.41875,11.41875,7.08075,11.038499999999999
2024-10-14 19:50:00,8.6875,10.58625,10.58625,8.139375,10.914375
2024-10-14 20:00:00,2.5625,11.41875,2.59125,8.2723125,11.035875
2024-10-14 20:10:00,8.6875,10.57875,10.57875,8.253,10.91025
2024-10-14 20:20:00,0.375,11.41875,1.190625,7.7210624999999995,11.084249999999999
2024-10-14 20:30:00,9.125,10.595625,10.595625,7.6963124999999994,10.919625
2024-10-14 20:40:00,12.8125,11.23875,11.23875,7.956,11.050125
2024-10-14 20:50:00,7.3125,10.42875,10.42875,7.91775,10.852125
2024-10-14 21:00:00,13.5,11.2725,11.2725,9.045,10.990874999999999
2024-10-14 21:10:00,7.4375,10.389375,10.389375,9.0290625,10.785
2024-10-14 21:20:00,13.375,11.325,11.325,9.0196875,10.930874999999999
2024-10-14 21:30:00,7.5625,10.43625,10.43625,9.0046875,10.770375
2024-10-14 21:40:00,13.625,11.37375,11.37375,9.8829375,10.959375
2024-10-14 21:50:00,0.5625,11.37375,0.0,8.8250625,10.979624999999999
2024-10-14 22:00:00,11.375,11.056875,11.056875,9.811687500000001,11.113125
2024-10-14 22:10:00,5.3125,10.09875,10.09875,9.762,10.867875000000002
2024-10-14 22:20:00,11.375,11.0625,11.0625,9.744375,10.993125000000001
2024-10-14 22:30:00,5.4375,10.201875,10.201875,9.7216875,10.75875
2024-10-14 22:40:00,11.375,11.0775,11.0775,9.702187499999999,10.6995
2024-10-14 22:50:00,5.875,10.2,10.2,9.68325,10.528125
2024-10-14 23:00:00,10.1875,10.87875,10.87875,9.638625000000001,10.684125
2024-10-14 23:10:00,6.0,9.811875,9.811875,9.5761875,10.434000000000001
2024-10-14 23:20:00,10.0625,10.93875,10.93875,9.5326875,10.581375
2024-10-14 23:30:00,3.75,11.0775,0.0,9.5326875,10.581375
2024-10-14 23:40:00,8.5625,10.73625,10.73625,9.500625,10.688625
2024-10-14 23:50:00,14.25,11.0775,0.79875,8.570625,10.728375000000002
2024-10-15 00:00:00,8.6875,10.74,10.74,8.538375,10.914000000000001
2024-10-15 00:10:00,13.875,11.0775,0.688125,7.587000000000001,10.941750000000003
2024-10-15 00:20:00,8.625,10.80375,10.80375,7.559625,10.887
2024-10-15 00:30:00,13.75,11.0775,0.675,6.607124999999999,10.955250000000001
2024-10-15 00:40:00,7.6875,11.0775,0.0,5.51925,10.955250000000001
2024-10-15 00:50:00,12.75,11.43,11.43,5.6810625,11.093250000000001
2024-10-15 01:00:00,7.0,10.501875,10.501875,5.6373750000000005,10.978125000000002
2024-10-15 01:10:00,12.9375,11.371875,11.371875,6.7745625,11.091750000000001
2024-10-15 01:20:00,5.4375,10.21875,10.21875,6.722812500000001,10.919999999999998
2024-10-15 01:30:00,11.0625,11.145,11.145,7.7574375,10.933499999999999
2024-10-15 01:40:00,5.6875,10.26,10.26,7.7094375,10.699499999999999
2024-10-15 01:50:00,11.1875,11.173125,11.173125,8.7579375,10.833749999999998
2024-10-15 02:00:00,5.6875,10.246875,10.246875,8.702250000000001,10.60875
2024-10-15 02:10:00,11.625,11.199375,11.199375,9.7546875,10.804875
2024-10-15 02:20:00,6.0,11.199375,10.2975,10.7844375,10.81575
2024-10-15 02:30:00,8.8125,10.80375,10.80375,10.7218125,10.9245
2024-10-15 02:40:00,13.6875,11.199375,0.67125,9.73875,10.92975
2024-10-15 02:50:00,9.25,10.84125,10.84125,9.6856875,11.048625
2024-10-15 03:00:00,17.5,11.199375,4.550625,9.118875,11.048625000000001
2024-10-15 03:10:00,9.25,10.895625,10.895625,9.0939375,10.987874999999999
2024-10-15 03:20:00,22.4375,11.199375,7.4775,8.8156875,11.067
2024-10-15 03:30:00,8.6875,11.199375,0.0,7.698375,11.067
2024-10-15 03:40:00,12.5625,11.42625,11.42625,7.8163124999999996,11.184000000000001
2024-10-15 03:50:00,7.125,10.516875,10.516875,7.7480625000000005,11.0475
2024-10-15 04:00:00,13.1875,11.41875,11.41875,7.8601875,11.152125000000002
2024-10-15 04:10:00,7.25,10.531875,10.531875,7.833,11.018625
2024-10-15 04:20:00,13.125,11.3775,11.3775,8.903625,11.05425
2024-10-15 04:30:00,7.5625,10.5825,10.5825,8.87775,10.885499999999999
2024-10-15 04:40:00,11.0625,11.19,11.19,9.5416875,11.020124999999998
2024-10-15 04:50:00,5.5625,10.254375,10.254375,9.477562500000001,10.787249999999998
2024-10-15 05:00:00,11.375,11.1375,11.1375,9.8435625,10.908375000000001
2024-10-15 05:10:00,5.875,11.3775,10.284375,10.872,10.908375
2024-10-15 05:20:00,11.375,11.154375,11.154375,10.8448125,11.022749999999998
2024-10-15 05:30:00,5.875,11.3775,10.3275,10.825875,11.06025
2024-10-15 05:40:00,11.625,11.255625,11.255625,10.8095625,11.260499999999999
2024-10-15 05:50:00,4.875,11.3775,9.984375,10.7548125,11.308499999999999
2024-10-15 06:00:00,9.9375,10.99125,10.99125,10.7161875,11.23125
2024-10-15 06:10:00,4.875,11.3775,10.055625,10.663499999999999,11.275875
2024-10-15 06:20:00,10.125,11.056875,11.056875,10.6501875,11.211749999999999
2024-10-15 06:30:00,5.0,11.3775,10.108125,10.6355625,11.236124999999998
2024-10-15 06:40:00,10.375,11.023125,11.023125,10.624125,11.16525
2024-10-15 06:50:00,5.3125,11.3775,10.153125,10.611,11.2425
2024-10-15 07:00:00,8.5,10.771875,10.771875,10.57275,11.121375
2024-10-15 07:10:00,12.875,11.3775,0.684375,9.608437499999999,11.185500000000001
2024-10-15 07:20:00,8.8125,10.8225,10.8225,9.565125,11.074499999999999
2024-10-15 07:30:00,13.25,11.3775,0.631875,8.629875,11.145374999999998
2024-10-15 07:40:00,8.8125,10.86375,10.86375,8.617124999999998,11.042625
2024-10-15 07:50:00,14.25,11.3775,0.68625,7.6801875,11.163749999999999
2024-10-15 08:00:00,9.1875,10.89,10.89,7.663499999999999,11.06625
2024-10-15 08:10:00,12.5,11.416875,11.416875,7.794375,11.185125
2024-10-15 08:20:00,7.3125,10.62375,10.62375,7.7544375,11.034375
2024-10-15 08:30:00,13.375,11.439375,11.439375,7.883062499999999,11.1495
2024-10-15 08:40:00,7.6875,10.644375,10.644375,7.8703125,11.002875
2024-10-15 08:50:00,13.3125,11.443125,11.443125,8.946187499999999,11.113499999999998
2024-10-15 09:00:00,7.6875,10.696875,10.696875,8.933625,10.9695
2024-10-15 09:10:00,18.75,11.443125,2.540625,9.124500000000001,11.133375000000001
2024-10-15 09:20:00,6.75,11.443125,0.0,8.038125,11.134125000000001
2024-10-15 09:30:00,10.5,11.14875,11.14875,9.084375,11.235
2024-10-15 09:40:00,5.3125,10.1925,10.1925,9.014625,10.984875
2024-10-15 09:50:00,10.875,11.154375,11.154375,8.988375,11.076375
2024-10-15 10:00:00,5.1875,10.29375,10.29375,8.955375,10.846499999999999
2024-10-15 10:10:00,10.9375,11.161875,11.161875,8.927625,10.79025
2024-10-15 10:20:00,5.4375,10.288125,10.288125,8.892,10.618125000000001
2024-10-15 10:30:00,11.0,11.176875,11.176875,8.865375,10.815000000000001
2024-10-15 10:40:00,5.625,10.35,10.35,8.8306875,10.654124999999999
